id,Gaji
47933,0
44213,1
20823,1
40565,1
9860,0
26493,1
24739,0
3470,1
27029,0
7402,1
21757,1
695,0
46565,0
38019,1
45427,0
27587,1
26270,1
22341,1
45270,0
26800,1
46767,0
21045,1
13594,1
46427,1
25444,1
4879,1
38493,1
46871,0
35278,0
46899,0
11932,0
9824,0
24513,1
31456,1
7763,0
25086,0
25392,0
5862,1
44384,1
21322,1
7531,1
29437,0
37194,1
35558,0
24202,0
29987,0
37092,1
30610,1
37695,1
2863,1
32453,1
26979,1
40750,1
8032,1
12260,0
30738,1
38035,0
17662,1
13256,0
21048,0
34035,0
46399,1
34504,1
4369,0
3050,1
39355,0
44633,1
11880,0
39227,1
47015,1
28481,0
4448,0
6987,0
44538,0
14991,1
34533,0
12986,0
34579,0
35409,0
28202,1
25147,1
39458,1
37938,1
6431,0
41374,0
40830,0
36267,1
25125,0
22513,1
40451,1
14455,0
18915,0
30088,0
17544,1
46327,1
40818,1
43299,0
20531,0
9228,1
15183,0
28505,1
29598,0
41456,1
44756,0
10441,0
6715,0
31358,0
32171,1
33146,0
31275,0
1171,0
36255,0
30532,1
6584,1
3540,1
22950,0
42702,0
15108,1
44177,0
21952,0
30935,1
22022,0
2018,1
4162,1
3459,0
19265,1
35700,0
2880,0
25626,0
28927,0
8645,0
18572,1
44137,1
45134,1
30363,1
24404,0
34704,1
7985,0
15076,0
41752,1
29913,0
43926,0
17101,1
10584,1
46876,0
16355,0
32981,1
45299,1
226,0
17396,0
13882,0
16191,1
17434,1
27695,0
44224,0
23648,0
35626,0
2012,0
23987,1
8232,1
15839,1
2542,1
30124,0
30024,1
22856,0
44334,1
29227,1
39041,1
21490,0
18832,1
29524,1
34685,0
26308,0
33305,1
25431,0
32304,0
32358,0
27164,1
14748,0
31573,1
30945,1
31076,1
38877,1
22988,0
30287,1
20193,1
44357,0
25496,0
46407,0
6520,1
27657,0
25400,0
2356,0
18992,1
9361,0
25140,0
40074,0
47287,0
9788,1
24799,1
16953,1
25148,1
10034,1
24239,0
31140,0
13410,1
39268,0
12611,0
10248,1
10575,0
32996,0
23678,1
37588,0
8635,1
23740,0
43581,0
6801,0
47756,0
13056,1
3274,1
25161,0
31629,1
46753,1
1361,1
23543,1
21150,1
47574,0
45412,1
25751,1
43388,0
24440,1
35783,1
1967,0
10541,0
26828,0
3467,0
47797,1
968,1
26052,0
36675,0
29911,1
20226,1
9559,1
31406,1
41453,0
38721,0
9344,1
25169,0
10978,1
46308,0
29982,0
10373,0
32966,0
39744,1
10271,0
36424,1
47406,1
21068,0
44202,0
14672,0
10690,1
14880,0
5507,0
42229,0
35779,0
42672,0
26769,0
41586,0
45070,1
1753,0
24026,1
14491,1
20563,1
29214,0
29909,1
15753,1
23899,1
26314,1
32778,1
9444,0
21234,0
11532,1
46131,1
46546,0
28298,1
43437,0
34846,0
25144,0
33317,0
30290,1
22021,0
27260,1
20482,0
31668,0
23006,1
1210,1
1314,1
39547,1
46818,1
15066,0
2003,0
41149,0
26620,0
10534,1
17744,1
1290,1
41982,1
30995,1
22375,1
30306,0
29379,0
959,1
43908,0
21024,1
4562,0
3821,1
23712,1
25325,0
5619,0
33328,1
44216,0
3089,1
35594,0
38059,0
6876,1
12354,1
39659,1
494,0
7210,0
9362,0
35635,0
46037,0
872,1
29868,0
12443,1
24519,0
25741,1
1830,0
8596,0
32508,1
44671,0
43094,0
30731,1
17554,1
40446,0
4712,0
46873,0
16173,0
14927,1
39870,1
29519,0
43518,0
16273,1
24619,0
25114,0
28283,0
2558,1
18339,0
24905,1
35712,1
20288,1
5099,1
32185,0
30345,0
3121,0
24856,0
6572,0
23469,1
14801,0
14014,0
9458,0
6429,1
15944,1
9022,1
12275,0
10430,0
31408,0
20938,0
5889,1
41891,1
24113,1
15233,0
232,0
4894,1
34566,0
27676,1
33170,0
6952,0
46551,1
15696,0
26761,0
24765,0
32168,0
20814,0
15467,1
1755,1
25837,1
24551,1
23514,0
17860,0
25412,0
34279,0
45882,0
32666,1
15820,0
28386,1
37804,0
28036,1
43818,0
44483,0
26651,0
41974,0
12812,0
78,0
44063,0
14794,0
34141,0
40713,1
45708,1
11598,1
7819,0
42800,0
26136,0
35372,0
2474,0
9727,0
29463,0
36651,1
1911,0
17364,1
39163,0
21826,1
11148,0
26706,0
40117,0
16589,1
29456,0
41582,0
6892,0
22634,1
5967,0
7339,1
15698,1
39650,1
23258,1
1179,0
39193,1
42710,0
23728,1
16943,0
37582,1
47786,0
18175,1
7607,1
20042,0
2294,0
35836,0
29261,1
39053,1
33867,0
36705,0
10197,1
43133,1
32366,0
27090,1
32254,1
40996,1
9446,0
26170,1
41184,0
28359,1
24458,0
44085,0
2488,0
19220,0
47077,0
13860,0
43665,1
27989,0
29526,1
4745,0
12069,0
41258,0
45122,0
10296,1
39581,0
30402,0
35925,0
12553,0
13896,1
25129,1
18962,1
16866,0
4753,1
45874,0
25053,1
10782,0
14679,0
6659,1
22743,1
29656,0
8405,0
7530,0
35059,0
8798,0
30963,0
8173,0
31097,1
23658,0
39830,0
10890,0
20387,1
24881,1
11336,0
42715,1
39805,0
8110,0
44715,0
4404,1
18645,0
45709,0
20221,0
8648,0
33128,1
7380,1
30374,1
19475,1
14279,0
22196,0
15289,1
42767,0
9031,1
46549,0
22502,0
19883,0
44955,1
8137,0
32929,1
23510,0
21949,1
19413,0
8955,1
38552,0
43863,0
7081,0
40784,0
36423,0
10048,0
26257,1
3758,1
25913,1
46392,1
46099,0
25318,1
40080,1
38930,1
28374,1
39570,1
41188,0
8724,1
33418,0
26878,0
45406,1
2295,0
26610,1
32324,1
41846,1
2441,0
35304,0
4281,0
8658,0
46283,1
16300,1
46087,0
30897,0
24197,0
26084,0
31515,1
5283,1
25965,0
44178,1
17561,0
13255,0
2924,0
38159,0
22439,1
3686,0
28383,0
25613,0
578,0
12482,0
7246,1
18631,0
44076,1
25443,0
3828,0
36393,0
4608,0
36486,0
18294,0
43829,1
17889,0
22293,1
24304,1
15001,1
35290,0
40549,0
35088,0
41587,0
1544,0
21752,1
5378,0
23560,1
42045,0
33009,1
3576,0
24419,1
16002,0
1700,0
17714,1
27146,0
28074,0
29448,0
35544,0
21925,1
3684,1
39525,1
41328,1
29533,0
8050,1
478,0
8171,0
4079,1
723,1
9626,1
12783,0
39249,0
26991,0
29879,1
9044,0
1720,0
41665,0
13520,0
31169,0
30227,0
36048,0
1118,1
6350,0
39282,0
43354,0
9149,0
35727,1
18792,1
45475,1
7521,1
20544,0
39251,0
5176,0
4062,0
12253,0
18925,0
11786,0
6580,1
40643,0
36677,0
11906,1
40946,1
16729,1
32693,0
12306,0
271,0
22276,0
13871,1
42350,0
44484,1
6210,0
30966,1
13975,1
36043,0
13035,0
41473,0
30316,0
46198,1
42831,1
6306,1
39707,1
16778,1
590,1
30353,1
3950,0
15625,1
8103,0
10316,0
19563,1
47792,0
27857,0
47506,0
41395,0
35248,0
31200,1
27920,0
20863,0
36369,0
31989,0
34294,1
14798,0
10160,0
8486,0
33559,1
40639,0
14852,0
28397,1
33175,1
41990,1
1696,1
19593,0
34598,0
1754,1
11751,0
45590,0
3515,0
38627,1
7511,0
38692,0
4051,0
37059,0
4885,1
6772,0
15030,0
17593,0
38582,0
23183,1
29144,1
34025,0
38743,1
41560,1
37782,1
29240,0
25766,1
16350,1
42563,1
8363,1
22778,0
39325,0
23096,0
38709,0
15386,0
14919,1
14196,0
30770,0
30509,0
39665,0
10744,1
685,0
34229,0
15880,1
35601,0
20257,1
21812,0
19317,0
33885,1
38740,1
23922,1
27465,0
39281,1
16246,1
43524,0
41277,0
17403,0
19402,0
25709,1
36361,1
35265,0
35107,0
19303,0
7753,0
8094,0
31036,0
36723,1
47637,1
19362,0
15617,0
27458,1
1600,0
33139,1
34124,1
44670,0
41064,1
9335,0
42719,1
2224,0
615,0
9442,1
6846,0
46884,1
14577,1
26640,0
17209,1
35942,0
4274,0
2032,1
6422,0
6777,0
24963,0
26681,0
3372,0
20516,0
884,1
19016,0
41219,0
25471,1
29286,0
43257,0
17245,1
5404,1
5621,0
15195,0
14977,1
45279,0
8590,0
44913,1
26408,0
44874,1
40083,0
44095,1
46715,0
46824,0
16851,0
34918,0
32443,0
29156,0
10510,1
14971,1
28794,0
31571,0
23963,0
26763,0
14680,1
14587,1
27729,0
6814,1
17305,0
17999,1
38420,0
6281,1
36849,0
15149,0
170,0
39255,0
16670,1
45810,1
41818,1
8950,0
9000,0
26703,0
21564,1
27531,0
18877,0
26487,1
16940,0
608,0
19789,1
43203,0
3791,0
3979,1
15193,1
13721,0
38171,1
18603,0
30999,0
42372,1
26555,0
33501,1
36141,0
19214,1
42212,0
31662,0
18268,0
17327,1
34994,1
43631,0
47937,1
20776,1
4233,1
20230,0
19528,0
13705,0
6334,1
45606,0
39350,1
14719,1
22845,1
26286,0
30793,0
29339,0
20719,0
27388,0
32964,0
37998,0
9206,0
26151,1
36541,0
44563,1
2879,0
15034,1
20790,0
22746,1
44075,1
1143,0
17217,1
34420,1
2053,0
44458,1
24214,0
6743,1
31721,0
4050,1
1266,1
27925,1
23595,1
21691,1
36246,0
28161,1
14373,0
16061,0
422,1
11633,0
25964,0
32536,0
29901,1
20457,1
4444,0
37057,1
15456,0
20143,0
42773,0
29018,0
30123,1
38984,0
19386,1
8709,0
27093,0
10201,0
35948,0
6191,0
11210,1
2285,0
26048,0
7837,1
10428,0
597,1
2457,1
10438,1
13736,1
6563,1
43391,0
10498,0
23414,0
22292,0
36057,0
39120,0
42022,1
21896,0
8803,0
17052,1
33615,1
3581,1
36384,1
23594,0
14750,1
13082,0
3608,0
39779,0
24832,1
42514,0
32134,0
32940,0
6759,1
25209,1
8563,0
33870,0
47133,0
46780,1
21820,0
11271,0
40054,1
33201,0
36836,0
33410,1
18691,1
37585,0
14315,0
37783,0
30450,1
20274,0
3639,1
16163,0
12948,1
44275,0
39219,0
11775,1
27300,1
20657,0
23156,0
28967,0
32458,1
47583,0
1141,0
9346,1
3590,0
8672,0
16568,0
14153,0
42071,0
41090,0
41767,0
4332,1
23552,1
33187,0
40458,0
20579,1
13550,0
14404,0
18277,1
28238,0
11757,0
30079,1
35826,0
5415,0
47862,0
5655,0
43309,1
9879,0
4148,1
46644,0
17230,1
23402,0
31032,0
19470,0
18768,0
26045,0
15415,1
39603,0
40898,0
43901,0
30541,1
6763,1
45393,0
39647,0
27005,1
30099,1
6856,0
44824,1
42447,0
10406,1
38316,0
19877,0
25619,0
15709,1
13652,0
40903,0
37959,1
19010,0
13081,0
24057,0
26275,0
10281,0
25158,0
31429,0
12029,1
45115,0
13157,0
18710,0
7385,1
32658,0
21993,1
38178,1
11471,0
9301,0
1121,1
44694,0
35327,0
3184,0
41059,0
47254,0
24717,0
43884,1
10242,1
27574,0
14390,1
38591,1
12800,1
47069,1
45609,1
15378,0
39137,1
4422,0
4313,0
38735,0
45931,1
32228,0
26347,1
3715,0
39967,0
34121,0
34449,0
42973,0
45489,1
34415,1
46896,1
39093,0
31086,1
15836,0
14096,1
15043,0
19496,0
18080,1
7536,1
17765,0
33605,1
44672,1
1866,0
38909,0
419,0
28256,1
44233,1
27372,0
45315,0
30437,0
32854,0
39314,0
6197,1
9557,0
33824,1
4936,0
16168,1
6945,1
19894,0
3977,0
22908,1
13369,0
12467,1
40277,1
5843,0
19686,0
22299,0
23468,0
46043,0
21457,1
45649,0
15121,1
41898,1
38429,1
18326,1
22989,0
41649,1
16917,0
28285,1
35083,0
15357,0
47983,0
38904,0
44428,0
9920,1
38550,0
32132,0
45827,1
26673,0
7829,0
18237,0
47391,1
22564,1
4779,0
28801,1
25231,0
45458,1
9465,1
26514,0
38293,0
37780,0
25426,1
14515,0
26586,0
4060,1
22519,1
35610,1
30457,0
44318,0
24804,0
34448,0
47887,1
21363,1
11933,1
11158,0
11694,1
14896,0
21963,0
10356,1
38080,0
44825,0
3009,1
21090,0
39941,1
37941,0
721,1
32621,0
15477,1
19403,0
1594,1
25085,1
3102,0
34347,0
12521,1
34508,0
10529,1
4816,1
1465,0
42700,0
34978,1
26929,1
4900,1
28808,0
39656,0
26463,1
41498,1
4672,1
11337,0
26350,1
12220,1
25319,0
22917,0
47595,0
12461,1
9056,0
47120,0
6670,0
1439,1
12028,0
10706,0
12952,1
14354,0
26552,0
45060,1
26330,0
39043,0
17665,1
24063,0
41376,0
47454,0
8941,0
23087,1
38151,0
18984,0
13636,1
35390,1
7682,1
44561,0
30291,0
44820,1
29877,1
21908,1
11203,1
13852,0
21217,0
18526,0
399,1
16558,1
37565,0
40901,1
37650,1
1241,0
46253,1
10186,1
11692,0
19838,1
31632,1
35015,1
7527,1
30813,0
1540,0
32826,0
21506,0
29165,1
28171,0
19343,1
19788,0
45418,0
6758,1
19340,0
28035,0
9682,0
46938,0
944,0
46821,0
11686,0
39835,1
43924,1
34546,1
8482,0
8871,0
34880,1
37263,0
32355,1
28833,1
40435,1
39451,0
33740,0
2196,1
6176,1
46615,1
47105,0
23256,1
23497,1
12833,0
30440,0
29500,0
41290,0
44528,1
13743,0
19823,0
14621,0
35076,0
30401,1
11609,0
21684,1
23683,0
43916,1
47279,0
14860,0
4265,1
43803,1
11919,1
47351,0
34054,0
7034,1
6698,1
5630,0
26243,1
37675,1
27122,1
14334,0
21219,1
9183,0
38284,1
29632,0
128,1
44771,1
13974,1
9606,0
44938,0
22894,0
46604,1
25181,0
21577,1
30630,1
7398,1
36855,0
14647,0
27977,0
28375,0
32045,1
20624,0
6265,0
43750,0
32476,1
36769,0
13954,1
37874,0
4521,0
30239,1
9723,1
6382,1
42493,0
12652,0
28279,1
19338,0
41487,1
7200,0
6879,1
29553,1
910,0
6395,0
34047,1
21602,1
21015,1
27168,1
4161,0
44603,0
38406,0
17239,1
45864,1
26321,0
44920,0
21744,1
23207,0
8963,0
46792,0
20272,0
42886,1
44533,0
2456,0
30084,0
1633,0
33659,0
28149,0
15416,0
21480,0
47672,0
46678,0
13257,1
7546,0
14627,1
19685,0
4452,0
22125,0
1270,1
10990,0
16974,0
9719,1
7524,0
28612,0
38828,1
32416,1
30017,0
3454,0
14841,0
28148,0
35189,1
23669,0
20478,0
38426,0
17468,0
31634,0
28145,0
44405,0
8629,0
10687,1
9178,0
15919,0
6588,0
43912,0
17905,1
47068,0
41418,0
23822,0
39262,1
618,1
4043,0
14184,1
8181,0
42547,0
11924,0
45722,1
19828,0
30172,0
6789,0
35653,0
39807,1
2992,0
33556,0
43436,1
34391,1
41884,0
38449,0
26182,1
8617,1
17235,0
33040,1
44415,0
8538,1
43663,1
7168,0
15859,0
23479,1
30859,0
45311,0
40455,0
38113,1
8263,1
16414,1
26679,1
20139,1
28524,0
23682,1
45550,0
3297,1
34870,0
36795,1
44768,0
10051,1
3079,1
27234,0
1308,1
33282,1
15000,1
1846,0
25524,0
34773,1
32956,1
31990,1
45156,0
13274,1
32739,0
45094,0
44786,0
32387,0
41905,1
10396,0
5050,1
9364,0
29710,0
11754,1
29374,0
39152,0
35216,0
39794,1
41092,1
34708,0
3561,1
18755,0
11958,0
41942,1
4298,0
895,1
26983,1
41588,0
36155,0
1408,0
25207,0
14024,0
43173,0
47563,0
24492,0
35456,1
1912,1
15827,0
44543,0
20621,1
335,0
21013,1
13442,0
2832,1
45415,0
12708,1
6489,0
35886,0
2654,1
39616,0
355,1
41992,0
21027,1
29440,1
43856,1
30536,1
7264,0
10285,1
10681,0
45877,0
12107,1
29991,0
41642,0
21660,0
4833,1
1691,0
21181,1
4531,0
1261,1
31416,0
7896,1
31770,0
43487,0
43123,0
45854,1
29478,1
46292,1
12677,1
916,1
47658,1
45191,0
25643,0
39783,1
27834,0
10176,0
29125,0
10768,1
17602,0
20076,1
40289,0
3659,0
7005,0
17979,0
11101,0
47861,0
38343,1
37165,0
22914,0
12457,0
2826,1
16127,1
5553,0
18867,0
18166,0
18817,1
25353,0
16665,1
47371,1
38339,0
15447,0
46218,1
31786,1
23346,1
28750,0
23600,1
35695,1
1018,0
33854,0
23447,0
11139,1
33701,1
30152,1
7545,1
24386,1
47773,0
34207,1
13878,0
9370,0
37332,1
47209,0
5321,0
5849,0
37363,0
34453,1
30657,1
31875,0
27407,1
43702,1
24226,1
28032,0
11018,1
23637,1
11863,0
1763,0
3761,1
7882,0
38890,1
41244,1
3155,1
14775,1
24743,1
28179,0
28193,1
12837,1
27082,1
39369,1
10089,0
6817,1
36097,0
984,0
4386,0
9871,1
29217,0
20471,1
31609,1
26124,1
3394,0
18978,0
40557,0
30230,0
37382,1
15022,1
4896,0
42531,0
21050,1
32095,0
7722,0
1582,1
46759,0
33654,0
16048,0
15611,0
18592,0
21828,1
34332,0
7399,0
14291,0
47131,0
26592,1
38391,0
35381,1
45417,1
26906,1
9388,1
7418,1
27344,1
1850,0
25260,1
26920,0
23332,0
12679,1
2646,0
37109,1
31039,0
34317,1
25189,0
36962,1
26584,1
34691,1
47747,0
35916,0
24549,1
22748,1
30431,1
27635,1
6061,1
25335,1
18748,0
26517,0
21142,1
33534,1
39075,0
22397,0
13223,0
47820,0
19874,0
42570,0
3732,1
40944,0
37460,1
6560,0
46088,1
32584,0
4857,1
20246,0
26454,0
44850,1
18204,1
20568,1
22497,0
12775,0
46481,0
37733,1
18660,1
36472,1
23208,0
10585,0
6834,1
33007,0
9869,0
6377,0
25508,1
7230,0
17895,1
8997,0
2320,0
13109,1
25439,1
15389,1
41132,0
38214,1
12239,0
9775,0
10977,0
39385,0
41741,1
15851,0
22090,1
40013,1
40527,0
21416,1
35897,0
13697,0
31532,0
18164,1
42193,0
11593,1
9599,1
1351,1
17960,0
36131,0
9611,0
20416,0
38699,0
14865,0
4941,1
45298,1
16897,1
45077,0
4612,1
43824,0
10658,1
23512,0
23406,1
42835,1
46790,0
28354,1
6689,1
28589,0
47766,1
20167,1
43359,1
2821,0
35174,1
37823,1
27865,1
35793,0
36445,0
38531,1
18120,0
24507,0
21700,0
2358,1
2711,0
4333,0
10526,0
21237,1
22180,1
36180,1
37795,1
4195,0
41235,0
37318,0
28614,0
14098,0
12693,1
43788,1
17439,0
41770,1
31866,0
6448,0
15411,1
32100,0
39551,0
10616,1
17571,0
8006,0
2548,0
34518,1
8839,0
6694,0
24383,0
19174,0
2686,0
11710,1
4190,0
25190,1
24545,0
25920,0
17250,0
39797,0
47158,0
39961,0
29415,1
21216,1
27821,1
3852,0
10947,1
12617,1
34695,1
27971,0
40479,0
40876,1
40851,0
43230,1
5762,1
27380,1
340,0
35787,0
29554,1
15757,1
10513,0
25633,1
29700,1
20249,0
31783,1
26781,0
31442,1
924,1
32699,0
45373,1
11209,1
13872,0
40423,0
16748,0
39521,1
902,0
28258,1
12957,0
13859,0
29013,0
39790,1
17042,1
44522,0
27232,1
22383,0
22430,1
3392,1
42737,1
38001,1
29344,0
20982,1
26891,1
19507,1
28831,0
31144,1
33388,0
274,0
31940,0
37851,0
39040,1
20344,0
38987,0
18391,0
28763,0
32275,1
17498,0
2504,0
18245,0
36591,0
31650,0
41542,0
39495,1
19112,0
32162,0
47710,0
45930,1
42617,0
29820,1
44916,1
29716,1
18636,0
5079,0
8932,0
31508,0
2458,0
36625,0
41045,0
28016,0
31176,0
42222,0
41539,1
45085,0
25378,1
33568,1
22210,1
4431,0
1284,1
12285,0
45714,0
30904,0
31691,0
34984,1
13911,0
38914,0
30280,0
28008,0
9853,0
45947,1
43617,0
3640,0
21143,1
29166,0
8368,1
19319,0
42158,0
7670,0
4038,0
33497,0
14527,1
38036,1
2687,1
2884,0
29862,0
20570,0
12294,1
22755,0
26572,1
27853,0
8547,0
36545,0
20468,1
19778,0
18513,0
13503,0
40057,0
1796,0
9686,1
26615,0
17675,1
28175,0
34003,1
18443,1
42630,1
3737,0
8846,0
44246,0
17478,0
26565,0
33173,1
43067,1
28866,1
4838,0
35860,1
31092,1
35927,1
363,1
20414,1
37297,0
27382,0
22427,1
38647,0
2562,0
21816,0
28483,0
45584,1
37126,1
12863,0
11168,1
35332,1
8727,0
38181,1
10721,0
30515,1
34809,1
1799,0
38425,1
683,0
42457,1
40037,0
16287,1
34028,0
4390,1
44162,0
21930,0
4532,0
244,0
6143,1
18812,1
14810,0
19400,0
12976,0
6472,0
23984,0
47240,1
4543,1
39407,1
47214,0
15420,1
29080,1
29673,0
18561,1
13132,1
28848,1
42711,1
30254,1
24139,1
38381,1
2446,0
42255,0
39720,0
47313,0
33941,0
16197,0
27279,0
42197,1
10493,1
7322,0
30847,0
45136,1
44644,0
35157,1
46172,0
28704,0
15721,0
47501,1
22810,0
9973,1
10253,0
8505,1
44115,1
17818,0
11323,0
19146,0
38644,0
45354,0
36823,1
36660,1
25529,0
36342,0
19867,0
41305,1
12884,0
44882,0
33914,1
12338,1
39131,0
21196,0
28569,1
41877,0
762,0
6761,1
22402,1
16052,1
5167,1
47533,0
42143,1
39641,0
33071,0
35737,1
15295,0
24566,0
1800,1
43039,0
35995,0
10109,1
13368,0
36305,0
40957,1
5113,0
11948,0
32590,1
44641,1
21408,0
364,0
2363,0
32104,1
38189,0
23193,0
28668,1
16146,0
11000,0
11431,0
4768,1
20690,1
21278,0
8744,0
41152,1
10833,0
7693,0
40426,0
46870,0
37644,1
8583,0
10166,1
18591,1
18473,0
16364,0
756,1
20044,1
45603,0
43085,0
47520,1
46501,0
15079,0
32529,0
21959,0
19197,0
43394,0
27467,1
41262,1
18480,0
7876,1
2400,0
14785,0
3703,0
33859,1
26754,1
21699,0
18087,1
42364,0
13772,1
37536,0
45111,0
38496,1
9096,0
4991,0
32849,1
41746,1
21032,0
9176,0
29066,0
11988,0
30072,1
28748,1
23210,0
2624,1
40415,0
31022,0
36091,0
1646,1
5419,1
9754,0
3617,0
25744,0
28960,0
31852,0
1480,1
17938,1
11303,0
32907,0
24439,0
24232,0
5076,0
20142,1
7387,0
27632,0
37535,0
14950,0
47472,0
28800,0
22858,1
33401,0
43640,0
29601,1
27130,0
3072,0
41606,1
29694,1
23792,1
19217,0
29789,0
13206,1
32949,1
16942,1
32664,1
46243,0
3401,1
15164,1
47558,0
18415,0
44609,1
44929,1
31503,1
18720,0
30626,1
30955,0
3317,1
17064,0
44942,1
38224,0
41613,1
28400,0
7797,1
37218,0
17928,0
5287,1
4344,1
3076,1
23249,1
21240,1
26655,1
32595,0
38618,0
22140,1
22059,0
7479,0
13108,0
7912,0
16060,0
34940,1
6499,1
22607,0
26778,0
25735,0
5063,1
8,1
12641,0
33191,0
14993,0
31932,1
40481,1
31325,0
32727,1
42910,0
25522,0
15830,1
25031,0
3833,1
32845,0
2652,1
16330,1
27187,0
3841,0
47847,1
36014,0
32111,1
26877,0
16323,0
8159,0
29627,0
35984,0
26062,0
17936,1
10149,1
24602,1
18794,1
33145,0
2,0
45210,0
36834,1
16045,0
37784,0
33457,0
23014,0
32342,0
21396,0
38217,1
44923,1
17579,1
21802,0
7284,0
1507,1
17466,1
25808,1
164,1
6227,1
41243,0
22495,0
12856,0
18331,1
4955,0
14978,0
1001,1
4370,1
32708,1
39098,0
12542,1
17482,1
41077,1
7437,0
20437,0
43895,1
46893,1
28700,1
16717,0
6014,0
21555,1
40510,1
47906,0
44818,0
27481,0
43637,0
43127,0
37985,1
44083,0
26078,0
22450,0
12653,0
24713,1
18705,0
45245,1
20925,0
33238,1
34798,0
20518,0
1528,1
9086,0
346,1
43065,0
39134,1
1982,0
13952,0
19742,0
20368,1
27637,1
32647,0
17513,1
34431,1
22966,1
27771,1
13245,1
21302,1
16312,0
13933,0
23654,1
12269,1
38710,0
36963,0
45403,0
42292,0
17983,0
9156,1
4042,1
16401,0
29172,0
7473,1
14566,0
16322,0
36883,0
26815,0
17267,0
40215,0
42896,0
26065,1
39891,1
45107,0
12230,0
19938,1
41474,0
7863,0
16216,0
29750,1
7315,0
2398,0
31699,1
21385,1
6004,1
6617,0
29903,0
7498,1
47877,0
4918,1
30489,0
12958,0
15687,0
18964,0
15384,1
36966,0
2774,1
10055,1
5658,1
7719,0
18408,1
5038,1
38022,1
1734,0
11554,1
28549,0
3765,0
29198,1
29957,1
28692,0
15352,1
10649,0
46019,0
845,0
3295,0
27223,0
42376,0
1976,0
4027,1
45825,0
125,1
4972,1
43633,0
36130,0
25798,0
25046,0
38229,0
35867,0
16882,0
38470,0
18099,0
25874,1
46091,1
23493,0
27806,0
19931,1
41477,0
1340,0
25654,0
5965,1
30333,0
21282,0
41656,1
38255,0
17471,0
29723,1
40404,0
23926,0
44864,1
16894,1
13370,1
27039,1
40288,1
7937,0
40674,1
47141,1
4584,1
6901,1
18533,0
47722,0
45088,0
29494,0
25206,0
15814,0
3504,0
5805,0
35602,0
44301,0
42738,1
30696,0
14211,0
43158,0
32485,0
47218,1
36880,0
965,0
20404,0
36731,1
24142,1
36151,1
6703,1
25908,1
41383,0
30109,1
43287,0
44104,0
1745,0
28241,0
10210,1
5628,1
45247,1
35568,0
16627,1
35847,1
24686,0
32295,0
21743,0
29946,0
41198,0
6554,1
45160,1
3973,0
27509,0
23292,0
3331,0
16115,1
17693,0
46848,1
30447,0
47284,1
40162,1
41096,1
19192,0
43742,0
22580,1
38668,1
9836,1
4030,0
34592,0
38834,1
30979,1
10095,0
10656,1
30943,0
17306,1
38747,0
46320,1
24923,1
31944,0
27683,0
3664,1
34138,0
28933,0
14080,0
27894,0
10383,0
43170,1
10466,0
14982,0
30887,0
37720,1
10568,0
7918,1
39679,0
31194,1
2663,0
46075,0
41648,0
18366,1
5838,0
5537,1
27306,1
7095,0
33982,1
19476,1
5852,0
2050,0
1952,0
42366,0
26137,0
27927,1
43899,0
13232,0
20432,1
17328,0
35101,1
375,0
11495,0
43464,0
40176,1
6669,1
17801,1
43030,0
13995,1
11883,0
519,1
22674,0
47008,1
2983,0
36719,0
23972,0
14008,1
24803,0
5934,0
915,1
4568,1
17490,0
1468,0
44751,0
31317,0
21990,0
41039,0
16546,0
10864,0
18047,1
21171,1
25841,1
25500,1
16584,0
1164,1
41274,1
43866,1
25307,0
23146,0
7720,1
15546,1
1886,0
47394,0
32866,1
45307,0
8012,0
1274,0
44968,1
9147,0
30898,0
28787,0
44888,0
15226,0
11855,0
38751,0
8518,0
10110,0
33917,1
21321,1
25899,0
16171,0
18607,0
11937,0
20111,0
42179,0
30273,1
36273,0
47711,0
12567,1
42421,1
11436,0
3928,1
21197,1
5710,1
36784,0
5313,0
14858,0
1149,1
25274,1
400,0
4419,1
24624,0
6540,0
24544,0
17589,0
46942,1
38708,0
33631,0
25777,1
33856,0
8892,0
10708,0
47380,0
36807,1
20192,1
40590,1
5284,0
30098,0
43259,1
29377,1
9197,1
16771,0
23848,0
3084,0
13494,0
3452,0
12590,1
42787,1
14646,0
40964,0
12097,0
46681,1
30481,1
4071,0
43408,1
37419,1
936,1
18318,1
40701,0
17496,1
10491,0
43599,0
2850,1
13615,0
46885,0
47314,1
18706,0
45139,1
43965,1
47612,0
40612,1
9250,0
20796,0
8372,0
18985,0
26569,0
40722,0
34867,1
41591,1
24723,1
3534,0
46133,0
15618,1
39399,1
42846,1
27128,1
47272,1
40016,1
17694,1
30676,0
18893,1
22878,0
7523,0
40529,1
7871,0
38352,0
36157,1
25828,1
11300,0
39535,1
24594,0
7135,0
22356,0
20385,1
2269,1
3296,0
7235,0
11718,1
22000,1
33411,0
7831,1
25141,1
39906,0
29833,0
29270,0
24092,1
7820,0
14253,1
46385,0
8535,1
18842,0
2070,1
45098,0
12067,1
33703,1
14821,1
33533,1
5074,1
32041,0
21503,0
28206,0
5295,1
40053,0
23766,0
4293,0
11611,1
11242,1
19502,1
22220,0
19354,1
15595,1
7686,0
8492,0
41774,1
35330,1
7390,1
44763,1
6534,0
20996,1
33149,0
7067,0
32510,0
43190,0
12423,0
27169,1
32963,0
16762,1
30890,1
22494,1
31974,0
33489,0
14129,0
6105,1
25533,1
14985,0
34273,1
7927,0
18424,0
21390,1
9808,0
37691,1
33021,0
23233,0
8102,1
39370,0
25239,0
37881,0
6021,0
24231,0
37633,1
2404,1
45490,0
7525,0
40431,0
36550,1
44431,1
41239,1
19454,1
31150,1
38884,0
681,1
2541,1
36058,0
33836,1
804,0
35481,1
2830,1
28056,0
4729,0
38460,1
38892,0
14352,1
16331,1
8512,0
27873,1
22874,1
11639,1
28224,1
5064,0
22727,0
14048,1
9492,0
9560,0
8403,0
4651,1
24373,0
36300,1
28378,0
6535,1
46295,1
33454,0
11035,0
7953,0
21288,1
5859,0
45040,1
17131,0
9167,0
7633,0
17008,0
19741,0
15134,0
37679,1
45570,1
27744,0
47902,1
2920,0
20827,1
11746,0
3024,0
19998,1
15846,0
24379,1
14467,1
17040,1
42576,0
36933,1
5315,0
46672,0
46005,1
3045,0
43356,1
14020,0
7116,0
20913,1
29127,1
32094,1
20397,0
13573,0
37121,1
17981,0
25854,0
22555,1
29390,0
25173,0
34132,1
35295,0
40753,0
25753,0
34931,0
41706,0
30259,1
3185,1
18129,1
5956,1
31858,1
46726,0
27848,0
38132,1
8933,0
41859,0
28019,0
7477,0
16340,1
17295,0
33259,1
41366,1
46608,0
36894,0
42276,1
7362,1
21558,0
24457,1
15244,1
38815,1
42180,1
4340,1
45394,0
15240,1
26669,0
43762,1
37878,0
20489,1
5814,0
20022,0
47689,0
46190,0
21426,0
4843,1
29788,1
29885,0
46635,1
37788,0
27969,0
43172,0
29450,1
41135,1
19342,1
33513,1
1239,0
44212,1
40878,1
45724,1
3001,0
44059,1
23471,1
9214,0
8545,0
18353,0
123,1
29850,1
8417,0
26735,0
19645,1
47044,0
13480,0
30724,1
15263,0
23440,0
35759,0
43478,0
29914,0
36733,1
2875,0
23559,1
18349,0
17541,1
19842,1
20675,1
4143,1
37531,1
33542,0
5504,0
31928,0
44646,1
38617,1
21569,1
13297,1
20522,1
23270,1
678,0
44552,1
1074,0
3738,0
17034,0
38215,1
20873,1
17469,0
456,1
36019,0
26770,1
24774,0
46249,0
29690,1
26367,0
15577,1
24969,0
22643,1
32806,0
40211,0
17019,0
14847,1
55,1
29848,1
27975,0
21281,1
38500,1
14023,0
3367,1
20705,1
8030,0
6675,1
26174,0
28874,0
4424,0
31893,1
14032,0
45027,1
33892,0
44295,1
37549,0
13021,0
1291,0
18632,1
13272,1
12153,1
20472,0
17285,0
10469,0
9281,0
22888,0
28746,1
1249,0
44781,0
46894,1
46338,1
22396,0
43146,1
9171,0
24920,0
20596,0
23841,1
19206,0
42244,1
2516,0
29075,0
18491,0
45297,0
35410,1
27862,1
45377,0
14199,0
23947,0
30867,0
28228,1
33826,0
26518,0
8381,0
26840,1
17594,1
3104,1
45411,0
41993,1
18795,0
3685,1
13732,1
40751,0
21885,1
2869,0
28878,0
19582,0
24150,1
6230,0
35371,0
36161,1
28598,1
12091,0
15896,0
41072,1
3720,1
14849,0
1752,0
45169,0
24821,0
30692,0
5474,0
11834,1
40125,1
18118,1
43407,0
20732,0
40401,0
33708,1
33808,0
33657,1
39851,1
25581,1
17201,0
12664,0
46815,0
31079,1
9904,1
13151,0
42809,1
6912,1
25373,0
4967,1
19630,0
42098,1
44910,1
11993,1
40469,1
12292,0
26780,0
12696,1
39036,1
19465,0
5913,0
789,0
12328,0
3385,0
11307,1
17621,0
13358,1
41237,0
26280,1
36813,0
14168,1
12189,1
21023,1
8975,1
45380,0
12784,0
24065,1
42908,1
24146,0
26668,1
14548,0
3932,0
28261,1
1788,0
185,1
13045,0
43009,0
28789,0
10392,1
15309,0
24657,0
39170,0
169,0
43651,0
7685,0
37730,0
28786,0
42471,1
42484,1
287,0
36029,1
28464,0
43802,0
34969,0
8377,1
18420,0
5949,0
39898,1
31485,1
23004,1
2263,0
43766,0
29024,0
24290,0
42392,0
1927,1
15505,0
15681,1
43047,1
17254,1
32891,1
15673,0
31209,0
12656,0
6592,0
15628,0
2124,0
15464,0
20926,0
29394,0
19511,0
33037,1
39681,0
36035,0
20058,0
24031,1
45598,1
25888,1
14741,1
36008,0
44383,0
37102,1
19120,1
40480,1
168,0
39029,1
43401,0
26944,0
19597,0
26756,1
41738,1
16094,1
7673,1
46255,1
38007,1
42269,0
39302,1
39182,1
11995,0
16471,1
18715,0
28751,1
12592,0
47275,0
28585,1
41515,0
35328,0
31618,1
38938,1
28178,1
35584,0
10418,0
35137,0
38418,0
19983,1
11162,0
38684,0
1666,1
33042,1
26593,1
32988,0
46710,0
12935,0
32158,0
19566,1
23333,0
29439,0
12786,0
8172,0
7593,1
13185,1
45733,1
32016,0
6635,1
38548,0
47231,0
16329,0
14653,0
31638,0
39674,0
21456,1
39515,1
4597,1
329,0
29677,0
32347,1
9852,1
22062,1
9421,0
40966,1
46971,0
5513,0
3857,0
47241,1
9457,0
32513,1
3029,1
10470,1
10582,1
41,1
35451,1
10736,1
5479,1
5517,1
28260,1
39205,0
36279,0
18749,0
204,0
45032,0
28038,0
18711,0
43927,0
19168,1
44990,1
20558,1
16072,0
26893,1
11877,1
11756,1
19373,1
2038,1
39826,0
12630,0
28302,0
6649,1
24512,0
2790,0
17750,0
35479,0
38509,1
44703,0
1447,1
46094,0
24265,0
527,0
25952,1
7100,1
4946,0
5575,1
11847,1
10657,1
41074,0
47056,0
26527,0
290,1
29630,0
18398,1
37260,1
34230,1
34137,1
29809,1
12756,1
22509,0
15829,0
47319,0
32200,1
18035,0
8109,0
37590,0
32624,0
17864,0
28284,0
35895,1
34165,1
32421,0
18581,0
23945,0
1805,1
2563,0
44323,1
25556,0
15178,0
40681,0
25540,1
42624,1
4365,1
9077,0
3781,0
5011,0
27424,0
41369,1
23530,0
28529,0
35489,1
11591,0
25906,1
28030,0
31861,0
6467,0
28170,0
40144,1
10801,1
32017,0
30032,0
17178,0
8076,1
10303,0
326,0
22823,0
21452,1
25369,1
27159,1
34651,0
45173,1
6302,1
7118,0
22366,1
28485,0
29664,1
5818,0
39088,0
8413,1
26447,0
37438,0
9353,0
39339,1
37550,1
7983,1
2659,1
9868,1
46785,0
27229,1
33636,1
2678,0
28327,1
9415,0
8756,0
25015,0
39154,1
13983,1
25005,0
17431,0
8472,1
43419,1
38127,1
10032,0
45419,1
37447,1
26278,0
32514,1
64,0
31973,1
24909,0
45158,1
19435,0
24879,1
29327,1
42365,0
12734,0
47282,0
19762,0
30022,0
38539,0
13396,0
14311,1
1016,1
22054,0
13548,1
12472,0
41593,1
6542,0
7446,0
13308,1
25399,1
13703,1
8937,1
38075,0
38825,0
16194,1
44717,0
16562,0
9502,1
33907,0
23868,1
16817,0
39364,0
2267,0
5348,0
27184,0
26474,0
46577,0
18512,0
10951,1
35178,1
9752,1
36109,0
22425,0
33809,1
13530,0
34663,1
30589,1
34838,0
31343,1
19862,1
29860,1
40808,0
9372,1
16841,0
426,0
28055,1
41627,0
1836,1
40575,0
15657,0
44273,1
5576,0
21960,1
12167,0
37723,0
6510,1
11798,1
6931,0
37964,0
31402,1
8346,0
45926,1
28466,0
38988,0
26488,1
21137,1
33774,0
36020,1
9045,0
47027,1
19807,1
40947,1
40608,0
44274,1
28063,1
10573,1
18403,1
30187,0
24311,0
4551,0
24520,0
16652,0
33916,0
13607,0
7372,1
18884,0
39164,1
25403,0
7616,1
10542,0
11131,0
17271,1
41492,1
503,0
749,1
12201,0
36546,0
19625,0
7142,1
38554,1
29492,0
17902,0
44518,0
18894,0
42838,0
12887,0
33926,1
4792,0
19759,0
36027,1
14276,0
28350,0
21410,1
27526,0
19839,0
36196,0
9075,1
17342,0
17380,0
44760,0
20986,1
32761,1
9065,1
26149,1
38827,0
1593,1
2069,0
34514,0
11541,1
38354,0
18453,1
24733,1
37190,1
16832,1
46247,1
3893,0
19639,1
6292,0
3888,0
31349,0
29349,0
14485,0
35557,0
4877,0
4527,0
32735,0
24228,0
2580,1
3848,0
29589,0
11952,0
26015,0
4499,0
20682,0
8059,0
45661,0
35147,0
26025,0
33655,0
17945,1
1991,0
34632,0
34885,0
6415,1
41443,1
14666,0
24636,0
41889,0
23048,0
35676,1
28506,1
29391,0
18494,0
43007,1
8784,0
46879,1
19681,1
14086,0
47865,0
42303,0
16594,0
30602,0
3403,0
30454,0
29912,0
30304,0
38213,0
37562,0
24793,0
17320,0
27255,0
3874,0
30282,1
7328,0
41009,1
30472,1
14087,0
11088,0
11151,1
11358,0
25413,1
13287,1
15059,0
37507,0
34392,1
1409,1
22477,0
24248,0
13034,0
370,0
43367,1
41908,0
29636,1
13537,1
25690,0
45047,0
40825,1
43284,1
20646,0
40526,0
40370,0
18103,1
18487,0
7079,0
25357,0
21763,1
7364,0
11446,0
23844,1
29367,1
22965,0
13838,0
14187,1
40025,0
34985,0
9737,0
24395,1
4504,0
39733,1
44822,1
37543,1
19358,0
10211,1
27858,0
42280,0
7833,0
39789,1
28231,1
13893,0
35378,0
2276,0
26775,0
1486,0
13136,0
7312,0
20994,1
9357,0
46531,1
6204,0
32390,0
668,0
43869,0
32696,0
47868,1
42329,0
44192,1
10416,0
33115,1
16727,0
46747,0
32545,1
39944,1
13336,1
47104,1
32885,1
4987,1
24068,1
15369,1
30107,0
34895,0
15930,0
37680,1
39680,0
27387,0
35010,1
20762,0
20963,0
37384,0
4573,0
1896,1
32430,0
31678,0
47515,0
36407,1
44155,1
47410,0
36308,0
14176,1
29134,1
42127,0
7965,1
8084,1
17658,0
45919,1
12971,0
31887,0
6722,1
32893,1
15136,1
13578,0
1273,0
46653,1
17100,0
38678,1
7382,0
33927,0
45318,0
38879,0
11150,0
44176,0
44096,1
22721,0
45977,1
18469,0
39313,0
42941,0
36756,1
14802,1
32714,0
26181,0
8447,0
10024,0
37497,0
44980,1
7004,0
9251,0
42084,0
17121,1
15144,0
45371,0
33223,0
37418,1
14800,1
2015,1
14413,1
10570,0
12586,0
23871,0
19589,0
5941,0
43250,0
24468,0
8844,0
16044,0
775,0
36388,0
41518,0
33508,1
10580,1
9796,1
12217,0
33429,0
47375,1
12425,1
27809,1
6997,0
87,1
1418,1
17619,0
22442,0
31295,1
2692,1
1341,1
17993,0
7324,1
19748,0
34471,1
18214,1
4371,0
11468,1
6002,1
6332,1
12797,1
8521,0
11770,0
19093,0
5705,1
45075,0
32377,0
23109,0
35868,1
42025,1
25825,1
30087,0
42247,1
27982,0
12780,1
31718,0
41413,0
36573,0
31584,0
6735,1
44381,1
30445,0
33618,1
4127,1
24234,0
19520,1
15603,1
26960,1
2942,0
9405,0
16010,1
13583,1
9642,0
10313,0
27466,0
501,0
39331,0
11325,1
13117,0
20115,0
31123,0
22421,1
16971,1
38870,0
4230,1
30839,1
15850,0
10884,0
11386,0
29006,1
26700,0
13088,0
113,1
8163,0
38900,0
3632,0
42699,0
12043,0
43511,0
6304,1
1860,0
27968,0
46144,0
26254,1
14840,0
10175,1
4475,1
9620,0
41977,0
42311,0
26788,0
680,0
21412,0
32039,0
17532,0
20450,0
23589,1
7209,0
21687,0
38034,1
4375,0
33953,0
14885,1
36303,1
34765,0
20213,1
3846,0
46988,1
24518,0
4470,0
35738,1
30613,0
35702,0
18158,0
39847,0
27394,0
10320,0
16267,0
3750,0
40965,0
44722,1
23704,0
39434,1
34920,0
934,1
4132,1
28937,1
13090,0
44266,0
373,1
1359,0
3936,0
7417,0
21141,0
40086,0
34379,0
44077,1
5938,0
28273,0
2892,1
32378,0
20341,0
36066,0
14506,1
24358,0
9330,0
6640,0
27399,1
23177,1
1917,1
43769,1
19037,0
390,0
20619,0
15779,0
15062,0
46272,0
36779,0
14608,0
473,0
17691,0
4755,1
35469,0
33487,0
15377,1
2459,0
37933,0
19318,0
5000,1
18191,0
45672,0
44846,0
807,1
4393,0
4993,0
37950,1
38623,0
35928,0
38005,0
19744,0
12985,0
16468,0
6716,1
7050,0
9441,0
45905,0
4228,0
44572,0
3809,1
27000,0
38065,0
34387,0
17849,0
28290,0
38017,0
45441,1
10907,0
14505,0
1091,1
13118,0
12064,1
36092,0
37811,1
45502,0
47703,1
19062,1
12459,0
5111,0
1851,1
30293,0
21601,0
35416,0
32483,0
2688,1
19843,0
2383,0
42305,0
32841,0
4698,0
4834,0
29638,1
26123,1
47419,0
8806,1
10361,0
32388,1
18862,1
32006,0
31848,1
26425,0
35112,0
46182,1
31040,0
33006,1
27682,0
15414,0
29311,0
25487,0
2112,1
6093,0
38876,1
35704,0
26639,1
46116,0
2184,1
45888,0
39326,1
47157,1
8428,0
40543,0
38014,0
34525,0
9738,0
29110,1
5994,1
18948,1
25587,0
28863,1
46827,0
41916,0
2359,0
41683,1
34628,1
6356,1
10359,1
18852,1
29387,0
23247,0
9266,1
20473,1
32313,0
38058,0
30832,0
10818,0
21166,0
41742,1
22453,0
40754,0
18575,1
40108,0
30632,1
46363,0
44821,1
19453,1
36547,0
38854,1
18411,0
42234,1
11645,0
28024,0
31542,1
29642,1
47021,1
10427,0
37520,0
23823,0
17827,0
25645,0
20280,0
18079,0
26401,1
15341,1
17763,0
10486,0
34364,0
5735,0
1318,1
23347,0
10375,1
22842,0
38960,1
39440,1
2616,0
40690,1
37685,0
18007,0
42636,0
14557,0
18910,1
24863,0
44026,0
356,0
18665,1
794,0
30209,0
22222,0
18597,0
24182,0
41344,0
27782,0
23066,1
41087,1
22850,0
43040,1
42875,1
9600,0
13363,0
27325,0
2248,0
26316,0
26532,0
11332,0
25677,1
1576,0
41126,0
8488,0
20721,0
14350,1
24362,1
8815,0
2232,0
20627,1
18367,1
44448,0
38779,1
25455,1
15821,0
33043,0
22081,0
25910,1
37820,1
12497,1
7898,1
3834,0
33603,1
5895,0
22073,0
44878,1
32292,0
22663,1
46083,1
47216,1
11821,1
4123,0
47047,0
11903,0
24264,0
17140,0
15430,0
25506,0
41165,0
41204,1
1133,0
6092,0
41758,0
2934,0
11743,0
45049,1
17477,0
27109,1
38435,0
17703,0
45269,0
8945,1
13047,0
12967,0
12251,1
24348,1
33304,1
25674,1
27629,1
21542,0
17184,0
25454,0
16277,0
11632,0
1775,0
43548,0
23784,1
44841,1
24010,1
10289,0
9790,1
5093,1
10524,0
29817,1
17524,0
14365,0
27220,1
20576,1
12085,0
47683,0
9948,0
10347,1
7724,1
12895,1
28177,0
31293,1
45546,1
20295,0
16681,0
6403,0
15496,1
19560,0
23381,1
44730,0
41744,1
6127,0
6648,1
38516,0
26971,1
7149,0
5458,1
6352,1
13625,1
22860,0
36344,1
35307,1
38571,1
38518,0
36646,1
43105,0
36262,0
6886,0
7677,0
29875,0
33087,0
35249,1
38888,1
30568,0
27538,0
21201,0
29925,1
34192,1
32186,0
10219,1
2753,1
28909,1
35318,0
20639,1
45305,1
3161,0
18765,0
14525,0
41084,1
39619,0
24967,0
342,1
16800,1
9889,1
6223,0
7666,0
18441,0
22616,0
40982,0
25232,0
21037,1
30623,1
41340,0
32768,1
37375,0
40625,1
2914,0
47039,1
14452,1
25368,1
46055,0
23297,0
16305,0
30670,0
14368,0
41924,1
4374,1
30317,0
31582,0
17135,1
32751,1
37838,0
7676,1
14937,0
18624,1
34249,1
42323,1
9819,1
5069,1
21807,0
22123,1
14642,0
958,1
6276,0
39506,1
17865,1
19328,0
31787,0
47767,0
24420,0
29513,1
45778,1
39204,1
6977,1
24831,0
33782,0
29813,1
7375,1
20187,0
33823,0
41038,0
40843,1
8215,0
10111,1
17646,1
33094,0
40627,0
40440,1
10699,1
41103,1
40531,0
7296,1
19092,0
19774,0
6470,0
2932,0
19139,0
4872,1
38336,1
11874,0
38875,1
16828,0
11016,0
10082,1
36390,0
23870,0
35435,1
20438,0
13393,0
43791,0
45653,0
6337,1
44238,0
25084,0
15147,0
32920,1
14624,1
32242,1
27356,1
23911,1
27836,0
25483,0
46157,1
41482,1
29104,0
2633,1
8031,0
11644,0
36184,0
46114,0
29732,0
523,1
28136,1
37454,0
32555,0
2355,1
12199,1
22528,0
22761,1
25850,1
22072,0
6516,0
31491,1
26604,0
26807,0
44668,0
33416,0
18307,0
45272,0
30460,0
10209,0
31564,0
938,0
33576,0
4509,0
35982,0
23702,1
42497,1
30572,0
45876,0
960,1
7891,1
7687,0
41634,1
15636,1
29595,0
7254,0
47424,0
39259,0
44058,0
24627,0
2834,0
23103,0
24009,0
10245,0
26564,1
4535,1
36878,1
43332,0
46371,0
36986,0
4741,0
17038,0
37168,1
1645,0
43137,1
38918,1
15222,1
43533,0
20108,0
47412,1
16639,0
13259,0
23152,0
36481,1
42466,0
5143,0
21095,0
7037,0
29035,1
45887,0
14631,0
35746,0
29308,0
36531,1
29030,1
14031,0
37596,1
36193,1
7432,1
47938,0
5979,1
8190,0
31297,0
3766,1
39643,1
13125,1
29674,1
7174,0
25314,0
36641,0
6128,0
31704,1
33256,0
43399,0
10825,0
47765,0
41743,0
27841,1
9799,1
25891,0
14145,1
7252,0
12188,0
3763,0
3527,0
22014,0
19711,0
28121,0
46822,0
31328,0
33239,1
15284,0
17195,0
20918,1
24702,0
14208,0
44203,1
16375,1
15003,1
34487,0
3537,0
16209,1
35426,0
20968,0
38345,1
37402,1
23286,1
33770,1
34080,0
255,1
29880,0
45053,0
47811,0
20954,0
1499,0
19801,0
10187,0
32792,0
6075,1
15454,0
39554,0
1193,1
13953,0
37368,0
37777,0
22028,1
16129,0
9336,1
15176,0
888,1
2100,0
42513,1
33610,1
44855,0
10372,0
29575,0
14771,0
18593,0
20769,0
12499,0
28819,1
34888,0
33189,0
30689,1
41607,1
605,0
38037,0
850,0
26191,0
42378,0
46915,1
42696,1
9724,0
42138,1
2092,0
11,1
30976,0
17385,0
34286,1
20724,1
29811,1
32533,1
36138,0
3301,0
25557,1
7818,1
28501,0
46495,0
26309,0
46920,1
9089,1
43628,0
24071,1
7218,1
3000,0
41310,0
46684,1
8010,1
39466,0
9165,0
41731,0
6368,0
22221,0
25104,1
19060,0
38569,0
47349,0
46777,1
9378,1
39595,0
4646,0
47748,0
22228,1
15676,0
5114,1
29844,0
26664,0
26882,1
15083,0
12593,0
16238,1
11876,1
18445,0
27051,0
46318,1
28686,1
44232,0
10194,0
37276,0
33825,1
34828,1
33538,0
33108,1
14712,1
14383,0
9391,1
46297,0
20092,0
29872,1
15548,0
8207,0
2037,0
41463,1
2864,1
43706,1
15608,0
23643,0
6672,0
13689,1
23480,0
9341,0
16588,1
28988,0
45243,0
26632,1
2014,1
29509,0
19776,0
12039,0
39039,0
32235,1
13849,0
22102,1
9038,0
1641,1
47878,1
17772,1
256,0
30749,1
28097,0
34117,1
14251,0
2256,1
45580,1
12448,1
12038,0
41794,1
25188,0
16845,0
8456,0
38784,0
22046,1
26423,0
14026,0
33353,0
29948,0
37742,0
9088,0
8965,0
17459,0
45795,0
35031,0
39223,0
32066,0
33140,1
14829,0
5696,1
47951,0
20301,0
44567,1
18704,1
3704,1
44222,1
36920,1
1929,1
1731,0
15738,1
11674,1
27183,0
40271,1
40905,0
13379,0
25097,1
41828,1
20240,1
15866,0
39894,1
24606,1
12933,1
11701,1
24773,0
14289,0
15202,1
45759,1
13577,1
25909,1
1159,0
36959,0
47173,1
515,0
20000,0
7945,0
19916,0
39561,1
37266,0
44535,0
7157,0
4880,0
33061,1
43982,1
30848,0
14754,0
5791,1
43092,0
13870,1
171,0
8141,0
24884,0
11474,0
46342,0
45325,0
3997,1
18989,0
15092,0
15931,1
1412,1
25211,1
29646,0
35214,0
27233,0
42055,0
29212,0
5807,0
23507,0
41918,0
29886,1
30212,1
13626,0
15785,1
26390,0
41356,1
12280,0
6818,1
3028,0
7798,0
38535,0
17633,0
15388,0
43043,1
10663,1
19337,1
44065,0
46349,1
19268,0
35855,0
37760,1
22828,1
44231,1
26373,0
14804,1
44087,1
13387,0
5806,1
6947,0
37785,1
23310,1
8233,0
26168,0
2234,0
14280,0
11041,1
29867,1
24815,1
32279,0
8398,0
37570,1
32706,0
19512,0
34972,1
4862,1
23730,0
45329,0
43967,0
11233,1
23914,0
22323,1
36633,0
19729,1
44012,1
38578,0
35475,0
37039,1
17060,0
31636,1
8500,1
37956,0
387,1
11110,1
19555,1
771,0
32154,0
20538,1
30672,1
42123,1
39690,0
3565,0
37580,0
26875,0
13719,0
17651,1
27805,1
6212,1
36575,1
15436,1
14223,0
25947,0
20098,1
17314,0
32120,1
26175,0
26935,0
37635,1
1548,1
41478,0
20453,0
5439,0
36897,1
31673,0
8561,1
19917,0
10572,0
747,0
43709,0
11518,0
21840,1
17567,1
21350,0
150,0
45514,1
37741,0
42819,0
46449,0
44948,1
46193,0
40443,1
21620,1
28888,0
35361,0
1363,0
8380,0
11069,1
13832,1
34807,0
45308,0
39580,0
4554,0
35803,1
29008,1
36017,0
12637,0
14473,0
13011,0
47660,0
22959,0
28069,1
5911,0
7815,0
45046,0
18534,1
43504,0
7075,0
19331,0
42381,1
8628,1
46497,1
24285,1
32188,1
34389,0
1484,1
41343,1
43905,0
15237,0
17243,0
7457,0
31912,1
14122,0
18490,0
9179,1
23736,1
15734,1
8040,1
23040,1
28329,1
21849,0
25060,1
45220,0
28339,1
43389,0
30163,0
36033,1
19121,1
32001,0
4826,0
29592,1
9835,0
20681,1
28103,1
4586,0
25859,1
29126,0
18028,1
13708,1
33168,1
37894,0
29175,0
21082,0
5598,0
43151,0
10696,0
27404,0
10478,1
8008,0
36811,1
46404,0
32810,1
45300,1
38695,1
10784,0
12414,0
34653,0
15574,0
40769,0
4607,0
32569,1
26339,1
19891,1
2593,1
39809,1
7623,1
37114,0
43773,1
8632,0
19087,1
2925,1
35546,0
15293,0
46079,0
3636,0
16208,0
32698,0
19669,0
38712,0
27349,1
32236,1
9553,1
35976,0
28667,0
32818,0
18933,1
40174,0
36206,0
27946,1
20845,0
41971,0
36845,0
37229,0
6024,1
31394,0
9377,0
25614,1
26940,0
11669,1
1400,0
45141,1
9322,0
29551,0
26613,1
46810,0
17857,0
22584,0
47955,1
9891,1
15356,0
17896,0
43969,0
13842,0
15078,0
28802,0
15345,1
11997,0
16432,0
31397,1
18358,1
14613,0
41991,0
47390,0
31865,0
38902,0
5842,0
14296,1
19018,0
22639,1
38738,0
23483,0
46749,0
12071,0
36863,0
3843,0
8732,0
15808,0
40149,0
29160,0
33421,0
33627,1
30149,1
20578,1
19150,0
37763,0
1474,0
45596,1
15900,0
6343,1
10935,1
34729,0
34610,1
13265,1
25931,0
30319,0
11555,0
21524,0
7713,0
3313,0
7605,1
13544,1
2888,0
43180,1
10719,1
37372,1
29124,0
22667,1
21469,1
34540,0
1368,1
30794,0
30772,1
17400,1
17039,1
2057,1
1331,0
10713,0
44462,1
44829,1
9248,0
9394,0
41250,1
33928,1
314,0
23933,0
10754,0
33370,0
7486,0
45851,0
38348,0
40062,1
31619,0
30776,0
30554,0
21874,1
17448,0
41348,1
39169,0
30344,0
27513,0
26063,1
12194,1
19529,0
26841,1
24032,1
14428,0
4015,1
2776,0
41345,0
38245,0
15359,1
30584,0
20135,1
18253,0
41282,1
7057,0
11241,0
25972,1
22964,1
33250,1
10678,0
38836,0
16927,0
23866,0
36631,0
37054,1
6069,0
5192,1
39480,1
16390,1
35731,0
40200,1
27464,1
16070,0
45037,0
3705,0
44009,0
29835,1
10923,0
21662,0
8785,0
23234,0
40949,0
16725,0
3096,0
5175,1
4784,1
30685,0
9793,1
36310,0
4334,1
33840,0
29795,0
9153,0
43938,1
47144,0
23054,0
31208,1
43001,0
6864,0
21225,0
29731,0
39189,0
34654,0
36225,0
7405,0
20353,1
5656,0
40712,0
21292,1
35969,1
26375,0
22623,0
9008,1
2701,1
33048,1
34644,0
10173,0
32403,1
46787,0
12059,1
36918,0
3338,0
35987,0
3216,1
5547,1
30211,1
3149,1
7460,1
30845,0
23221,0
35071,0
32657,0
20793,1
12594,0
26835,0
30492,0
13429,0
12380,0
20901,0
45902,0
7413,1
3655,1
4915,0
292,0
38962,0
11049,1
41550,1
17766,0
37370,0
15475,1
22229,0
27705,0
26337,1
19055,0
37839,0
41820,0
31179,0
11355,0
22627,1
6787,1
9638,0
34690,0
9066,1
13747,1
25296,1
22865,0
2547,0
32457,1
16863,1
46940,1
20164,1
14288,0
38480,1
24061,0
37224,0
45737,0
45504,0
21626,0
25714,0
35309,0
45488,1
37250,0
2605,0
7760,0
32401,1
47194,0
5671,0
1325,0
47092,1
7467,1
7872,0
36293,0
29960,1
3,0
41225,0
29115,0
13695,1
24487,0
47161,1
33746,0
9757,0
16738,0
24369,0
17642,0
23410,0
25054,1
37235,1
18182,0
3870,0
3588,0
22290,0
15897,0
352,1
20152,1
4395,0
42060,1
22274,0
38630,1
1551,0
35165,0
6376,0
13342,1
35183,1
32675,1
21339,0
22127,1
33804,1
45843,0
47452,0
31938,1
20851,0
139,1
307,0
14762,1
22308,0
34436,0
5777,1
31043,1
265,1
35521,1
1804,0
1386,0
17511,0
4831,0
13324,0
37347,1
32895,1
17898,1
19846,0
43253,0
43961,0
26762,0
16192,0
33308,1
21616,0
18421,0
29445,0
3408,1
28446,1
46943,1
39183,1
24377,0
29781,0
39743,0
45838,1
35254,0
3699,1
7727,0
21209,1
39949,0
1457,0
45017,1
24278,0
41895,0
5012,0
47826,0
27603,1
27067,1
20939,0
17730,0
22557,1
32932,0
23767,0
29647,1
15373,0
9990,0
23383,0
8984,0
44339,1
20048,0
45613,1
1677,0
13926,0
34289,0
10773,0
17722,0
35607,0
43684,0
21479,0
14095,0
7042,0
8000,1
20899,0
39278,0
11116,1
37688,0
28657,0
28613,1
34085,1
22763,0
40774,1
5758,0
32777,0
12358,0
26080,1
39469,1
31777,0
3179,0
40917,1
36248,0
32117,0
24341,0
13016,0
32840,0
16816,0
43392,1
30027,1
31405,1
34522,1
30301,0
47088,1
16282,1
26478,0
10727,1
9051,0
8261,0
27484,1
2416,0
38818,1
22303,0
6181,1
5929,1
36046,1
10402,0
30760,0
38006,1
27528,0
38694,1
36953,1
29950,0
34749,1
35411,1
8459,1
45929,1
28563,1
28732,0
38556,1
9922,0
43387,1
920,0
44350,0
43386,0
40373,0
2429,1
47945,1
30931,1
3071,1
23486,1
3049,1
12536,0
44960,0
32180,0
29774,1
870,1
17974,1
4349,1
36954,0
1913,0
31540,1
46228,1
27436,1
30122,0
10714,0
19951,0
35370,1
40303,1
19187,1
43858,0
14949,1
34232,1
37521,0
30299,0
28325,1
23795,0
22548,1
25321,1
8037,0
33015,1
14831,1
1802,0
21719,1
30930,0
7058,1
13600,0
36944,0
36721,1
36627,0
26369,0
47344,1
25752,0
27141,1
33206,0
24797,0
18927,1
33643,0
47010,0
16524,0
19533,0
10490,1
40718,0
22553,1
2736,1
17355,0
19996,0
37032,0
23746,0
3124,0
26459,1
46074,0
37665,0
26016,0
6391,1
38472,0
43451,1
45560,0
15943,0
45023,1
394,0
37376,0
40861,0
42488,0
14486,0
30926,0
35606,1
42582,1
2266,0
46963,0
9215,1
27802,0
11977,0
13762,1
26536,0
27211,1
1237,1
44261,1
41543,0
22805,0
27667,0
4760,0
27127,0
28643,0
46287,0
44606,0
45462,1
22853,1
24375,0
29333,0
1267,1
7948,0
6310,1
466,0
19378,1
39263,1
30782,0
18786,0
15129,0
36249,1
41448,0
21052,0
18523,0
28167,0
36777,1
8410,0
17673,0
8592,0
15127,1
43132,0
38702,0
4587,0
26296,0
20667,0
43603,0
33598,0
40360,0
7946,0
12437,0
5184,1
3937,0
10031,0
27414,0
36946,0
44683,0
31004,0
4662,1
33260,0
149,0
34242,0
27997,0
47762,0
9042,0
766,1
28133,0
33082,0
14513,1
28665,0
39485,1
5662,0
322,0
39706,1
20708,0
20268,1
42062,0
15169,0
45148,1
38982,1
10861,0
9684,1
41535,1
17850,0
1741,0
38972,0
45398,0
28029,0
38274,1
6925,1
43071,1
28889,1
10033,1
36843,0
42041,0
17674,0
21442,0
26264,1
33490,1
38729,1
371,0
9261,0
33361,0
25466,0
39482,1
12921,0
44316,1
16703,0
26903,1
35831,0
320,1
5191,0
22464,0
2717,1
39742,0
8279,1
24959,0
26596,1
3082,0
41284,1
11388,0
38883,1
16450,0
3379,0
17407,0
39184,1
47206,1
4670,1
39669,1
16306,1
13515,0
905,0
24563,0
12697,0
4066,0
2726,0
40928,1
21799,0
40028,0
6712,1
17863,0
1272,0
11454,1
35578,0
31620,1
20510,1
42310,0
36222,1
43380,1
41520,1
21323,0
40856,1
37812,1
22448,1
809,0
38366,0
19193,1
46596,1
35639,1
41811,1
31100,0
6687,0
34029,1
26684,0
14788,0
7515,0
36535,1
27218,1
37834,0
13508,0
35033,1
32618,1
24568,0
32756,0
37632,0
42844,0
27560,0
13371,0
15658,1
6009,0
1774,1
27600,1
37940,1
35,0
6110,0
10346,0
45067,0
8001,0
30342,1
47002,1
38089,0
41386,0
7060,1
1088,1
35958,1
26128,1
13947,1
21401,1
39438,0
13459,0
42422,1
38457,0
6959,0
38085,0
34114,1
15582,0
40777,0
45401,0
9885,1
35219,1
40384,1
7694,1
41899,1
16275,0
11519,1
40596,1
34204,0
35968,1
36479,1
22177,0
16423,0
40906,1
7243,0
31648,1
29927,0
21806,1
12034,0
38304,0
6812,1
24991,0
9886,0
1739,1
32729,0
26857,1
26068,0
12999,1
5832,0
5794,1
3871,0
28002,0
41118,0
39811,1
41932,1
35279,0
47958,1
37245,1
137,1
25159,0
99,0
28199,1
1648,1
13738,0
30427,0
20392,0
46579,0
19473,1
31147,0
42161,1
41651,1
8025,0
35918,0
13179,0
40803,0
36956,0
37583,0
44512,1
41598,0
16268,1
23454,0
8720,0
16629,1
34757,1
22535,0
32340,1
22042,1
12917,1
34061,0
37311,1
32496,1
13993,0
10903,0
35949,1
30687,1
20154,0
40228,1
44943,0
28849,1
27362,1
11285,1
14461,0
21377,0
20396,0
44248,0
26041,0
44971,1
15979,1
30251,0
22065,0
30709,0
43270,0
6294,0
22660,0
45671,0
42155,0
8888,0
29082,0
8086,0
45146,1
222,0
40790,0
28086,0
22767,1
27497,0
21156,1
29887,0
25569,0
28520,1
18620,0
19176,0
46478,0
16835,1
376,0
3245,1
15901,0
1826,1
11104,0
23157,0
974,0
44648,0
14958,1
22869,1
34418,0
9636,1
41885,1
45007,1
7377,0
44436,1
14042,1
46508,0
14739,1
32882,0
34330,0
12742,0
26190,1
6060,0
21819,0
31098,0
26148,0
33879,0
3975,0
32303,0
23368,1
17481,0
46630,0
4045,1
22411,0
16730,1
47941,0
4019,0
3240,0
39452,1
28907,1
1884,0
31345,0
20874,0
41880,0
39273,0
24463,0
11755,0
41761,0
8015,1
11800,1
13210,1
42283,1
41231,1
46194,0
26116,0
32334,0
16791,0
12385,1
18800,0
21497,1
42686,1
22952,1
22573,1
20195,1
9443,1
2582,0
32644,0
45483,0
10569,1
39277,0
6124,1
42748,0
20687,1
3696,0
33407,0
3559,1
20329,1
5403,1
42654,0
44894,0
11244,0
41643,1
43587,0
27030,0
6196,1
8982,1
22981,0
3354,0
43554,1
45336,1
38802,0
39904,0
13540,0
11393,0
38121,1
47508,1
16585,1
31907,0
254,0
18138,1
40150,0
25241,0
17837,0
19975,1
15332,0
2354,0
1831,0
12438,1
11915,1
5815,1
12931,1
29343,0
47875,1
12124,0
46024,1
39103,0
3201,0
35716,1
39021,1
1570,0
30615,0
29325,0
37527,0
47094,0
30786,0
5083,0
786,1
23916,1
3101,1
30938,1
571,1
4484,0
17098,0
33903,1
32622,1
40792,1
30519,1
23242,0
1259,0
31661,1
26985,1
17562,0
4173,0
46695,0
30547,0
29438,0
18199,0
34185,1
29532,0
23964,1
15314,0
34184,1
32405,1
43744,0
14312,1
10156,0
32754,1
13536,0
15640,0
3438,1
36410,1
24571,1
4924,0
10634,1
22558,1
27226,1
15441,1
47167,1
15795,1
27727,0
15558,1
26196,0
23237,0
25942,1
1485,0
42663,1
29934,1
45130,1
17284,0
34852,0
28286,1
9331,1
41426,1
28564,0
38468,1
36741,0
18991,0
8406,0
18001,1
38419,1
4494,1
9317,0
45988,0
21750,0
23756,1
46825,1
39980,1
18730,0
11208,1
46525,1
3851,0
29926,1
11940,0
9843,0
21956,0
30406,0
44360,0
5830,0
20313,0
25068,1
17049,1
3949,0
38954,0
28438,1
27352,1
10075,0
10881,0
3194,0
35914,0
36851,0
40188,1
37482,0
33073,0
23491,1
43385,0
40632,0
14454,0
4655,0
24089,1
6967,0
40832,0
19953,1
6010,1
42219,1
28227,0
21857,0
37813,1
37967,0
40375,0
13285,1
38979,0
46017,1
16534,0
30114,0
40631,0
30801,1
39054,1
11868,0
2319,1
12801,0
8771,0
6976,0
26513,1
16956,0
25184,0
15771,0
47888,1
45265,1
27095,0
20594,0
22701,0
44772,0
6663,0
9240,0
8087,0
40032,0
36068,0
21688,0
20847,0
9329,1
33022,1
5292,0
22242,1
25089,1
11118,0
22460,0
35267,0
9283,0
43381,0
31002,0
32484,0
16066,1
19097,0
21711,0
37697,1
22131,1
11647,1
25902,0
20826,1
13158,0
37356,1
10384,1
10734,1
36970,0
37449,0
34622,0
1662,0
40170,1
10074,0
41085,1
20208,1
31437,0
25069,1
45612,0
2085,1
46093,0
28949,0
8386,0
8990,1
18879,1
31978,0
25792,1
8345,0
11060,1
3768,1
33666,0
35323,1
11405,0
34647,1
8016,0
16112,1
30628,1
31065,1
28893,1
17204,0
10226,0
44445,0
10494,1
8448,1
13497,1
8244,0
41088,0
47156,0
4316,0
41457,0
8837,0
1938,1
43662,1
12144,0
7906,1
26291,0
31506,0
21560,0
15256,0
10772,1
39940,1
10755,0
3396,0
44792,1
30351,0
33273,0
26145,0
10550,1
18890,1
23387,0
33067,0
11617,1
9238,0
46930,1
437,0
39739,0
27917,0
12490,0
28217,0
2865,0
45564,1
33933,0
19503,0
38686,0
20898,0
7741,0
34930,1
2511,0
18194,0
43273,0
33561,0
21002,1
15834,1
18347,0
20211,0
14745,1
4739,0
22469,0
44967,0
20635,1
28553,1
541,0
24437,0
18404,0
34636,1
36764,0
32142,0
39579,0
41944,1
2157,1
43454,0
18810,0
15399,0
34014,0
22241,0
35906,0
45343,1
31712,0
43066,0
9669,1
47362,0
46954,0
36582,1
23820,0
34892,1
16428,1
11430,0
20393,1
11717,1
43125,1
31280,1
1589,0
46451,1
32914,0
18639,0
6718,0
39687,1
20382,0
22250,0
28314,1
18871,1
46113,1
14981,1
21140,1
43815,0
12130,1
15135,1
5261,0
33786,1
22057,1
1732,0
31499,0
9244,1
26057,1
26046,0
31824,0
35106,1
11728,0
40438,0
32762,0
12685,1
21517,1
1238,0
27605,1
12897,0
18527,1
2172,1
47668,1
45900,0
43002,1
15513,1
29766,0
26846,1
3892,1
25793,0
22694,1
12691,0
31431,0
19655,1
26799,1
22256,0
28867,0
36159,1
39240,0
36165,0
36205,0
7280,0
37340,0
35286,0
24134,1
11573,0
21177,1
40795,0
26782,1
11524,1
11951,0
13938,0
29435,1
12007,1
22692,0
926,1
16425,0
18522,1
12811,0
3375,0
30246,1
34357,1
1180,1
40517,1
27951,1
32208,1
41008,1
28205,1
19101,0
33604,0
16569,0
23028,1
2123,0
10078,0
33672,0
37042,1
41100,0
25497,0
46256,0
26352,1
15123,0
21913,0
6177,1
25467,0
21513,0
11918,0
39065,0
3657,1
42695,0
30525,1
676,0
701,0
15286,0
24911,0
15998,1
25563,0
38999,0
4188,1
34149,1
8157,1
475,0
45890,1
20290,1
38363,1
31637,0
17266,0
13741,0
32141,0
34240,0
7785,0
40922,1
46381,0
20527,1
21337,1
6691,0
17461,1
46491,0
44893,0
7695,0
36516,1
3926,0
21226,1
24340,0
10759,1
6254,0
15254,0
34283,1
9380,0
3134,1
32630,1
820,0
17007,0
26177,0
24988,1
46211,0
33566,0
20197,0
22034,1
13486,1
17688,0
7887,0
32773,1
9833,1
35756,0
23950,0
7915,0
8114,0
37684,1
32720,0
19086,0
3431,0
9585,0
13227,0
6257,0
25582,0
28730,1
19875,0
26658,0
14522,0
18802,0
23416,1
26097,0
338,0
19660,1
42362,0
24746,1
4704,1
32406,1
8618,1
42614,1
21119,0
37485,1
23790,0
7910,0
29067,0
23354,1
7905,0
25829,0
26071,1
41302,0
34381,0
1809,0
10435,0
22983,0
39267,0
2927,0
34603,1
2567,0
4174,0
26842,0
13716,0
26010,1
46928,1
7941,0
28411,0
24185,1
42581,0
15054,0
3612,1
18785,1
11910,1
39307,1
30972,0
6473,1
2199,1
11929,1
6301,0
13130,1
28379,1
13635,0
10720,0
12308,0
25192,0
25168,0
22991,1
8718,1
8705,1
12579,0
25174,1
26751,0
15868,0
18203,0
16737,1
29882,1
11427,0
31175,0
11050,0
15218,1
9163,1
27938,0
41114,1
31667,0
47924,0
36275,0
38728,0
43351,0
36919,1
7448,0
12618,0
20399,0
21790,1
4799,0
19647,1
23084,1
24633,1
41682,0
19592,0
41938,0
894,1
30012,1
22064,1
16747,1
39569,0
4919,0
4216,0
7684,1
22015,0
16602,1
46900,1
34970,0
33444,1
15404,0
13121,1
32578,1
24858,1
1333,1
31679,0
25558,1
13309,0
716,1
11494,1
9809,1
24452,1
21136,0
46437,0
10284,0
42417,1
35506,0
26854,0
13089,0
28272,1
24673,1
11969,1
26386,0
21122,0
7810,0
15819,0
24999,1
46493,1
36699,1
12140,0
22572,0
12011,0
28715,0
1219,1
6163,0
14152,1
45812,0
27333,0
24947,0
21761,0
26143,1
14092,0
14338,0
19283,0
45990,1
18290,0
22665,1
16992,0
40,0
23684,0
31747,1
13488,0
38192,0
2062,0
21422,0
23361,1
24466,0
9901,1
27400,0
33818,0
11543,0
46649,1
3740,1
31347,1
8689,1
37952,0
17645,0
13866,0
491,0
27914,1
24794,0
31930,0
24986,0
15621,1
45870,1
2042,0
4309,0
26923,1
38865,1
1382,0
33851,1
42564,0
25428,0
25937,0
20475,0
47298,0
6601,1
43538,1
22738,1
7353,1
22039,0
20354,0
37698,1
21016,1
12671,0
23723,0
29423,0
24787,1
25807,0
29133,0
39409,1
36077,0
6665,1
20620,1
32451,1
7065,0
19887,1
26282,0
27639,1
21484,0
898,1
7507,1
45135,0
22760,1
3943,0
35222,0
13693,0
6481,1
11776,0
24979,0
36928,0
10970,0
12854,1
5214,0
2640,0
6438,1
34329,1
36830,1
40172,1
45432,1
27957,0
42977,0
40665,0
19986,0
15623,0
28638,1
32656,0
5767,1
20726,0
16793,0
34090,0
40317,1
14906,1
23576,0
224,0
34316,1
5406,1
25785,1
39590,1
10948,0
11465,1
39550,1
39537,0
20205,1
30501,0
11806,0
18698,0
28719,0
25776,0
10883,0
4526,0
13591,0
36073,0
15840,0
43777,0
8905,0
26462,0
15005,1
16525,1
47967,1
43219,1
14658,1
31374,0
32083,1
21009,0
27800,0
15674,1
6849,1
25779,0
19022,1
35486,1
20095,1
7514,0
483,1
19677,1
34727,0
15308,0
29635,1
7361,0
35874,1
17901,1
18482,1
17852,1
10119,1
41300,1
34596,1
9992,0
25805,0
24393,0
40100,1
41832,1
27283,1
41429,0
35930,1
17378,0
4581,1
3099,0
26993,1
22976,1
4184,0
46846,0
42833,0
13786,1
10013,0
19781,0
104,0
6282,1
19281,0
2281,0
9410,0
45389,1
9507,0
14135,0
30893,0
1905,1
1811,1
43415,1
17575,0
27673,0
7638,1
12818,1
28365,1
10488,0
26692,0
37487,1
5773,1
36400,0
1598,0
11590,0
7538,0
42805,0
36964,0
41972,0
25251,1
1839,1
34173,0
7855,1
32055,1
42536,0
45025,0
35017,0
17676,0
28324,0
24062,1
43643,1
24067,1
11309,1
21455,0
43839,1
20659,1
9802,0
30350,0
19365,0
44915,0
9288,1
47850,1
11620,1
28921,0
15346,0
45750,1
42924,1
3710,0
45511,0
3433,1
20100,0
7414,0
9693,0
34682,0
32833,1
23074,1
942,1
8610,0
43543,0
28337,1
13712,0
32875,0
2636,0
24045,1
7709,1
41740,0
31931,0
43214,1
21629,0
3812,0
36640,0
27692,1
41424,0
33980,1
38924,0
36216,0
26212,0
25386,0
13939,0
44908,1
27096,0
3886,1
34147,1
3679,0
28568,0
47020,0
26864,0
42707,0
35377,1
13937,0
40609,0
27654,0
13383,1
6019,1
10738,1
779,0
9556,1
41148,0
32146,0
21459,0
17066,0
14744,1
36710,1
12629,0
37831,0
6205,1
29279,0
17577,1
30359,0
19575,0
2632,1
30265,0
44545,1
36994,0
33001,1
18287,1
22876,1
40984,1
10710,0
25782,1
36750,0
5825,0
19434,1
31884,0
32367,0
26926,1
4158,0
11167,0
38766,0
9801,1
6769,1
31655,1
11984,1
18685,0
23707,0
15667,0
41129,1
17920,0
345,0
11182,1
37225,0
9050,1
2205,1
39866,0
26249,1
30314,1
4217,0
46959,1
26237,0
40284,0
44580,1
7635,0
29596,0
2777,0
39905,0
18584,0
47823,0
2546,1
20872,1
1980,1
35829,0
11912,1
3510,0
29142,0
18112,1
16573,0
24990,0
16512,0
43048,0
40318,1
15278,1
4667,0
5585,0
17352,0
46522,1
1403,0
4783,0
19544,0
2981,0
39753,1
6386,0
3181,0
40850,0
40973,1
10528,1
16767,0
12299,1
11097,0
37271,1
22784,0
17349,0
24985,0
30364,0
20959,0
31054,1
11301,1
41636,0
10908,0
18928,1
15084,1
42557,1
22316,1
45189,1
43140,0
14837,0
19719,0
22531,0
11397,0
4692,0
29507,0
27728,0
11357,0
14819,0
46993,0
33748,0
35032,0
28550,1
1504,1
3192,1
41603,0
11205,1
40637,0
23829,0
21328,1
5928,0
45478,0
21000,1
36594,0
28639,0
17551,1
36351,0
38590,0
26310,1
34593,0
11715,0
16865,1
7631,0
39148,0
23160,0
14797,0
47148,0
904,0
18108,1
9064,1
13845,1
21231,0
22071,0
40948,0
25401,0
31142,1
11793,0
17838,0
30429,1
6778,0
38705,0
17251,0
28129,1
27849,0
22496,0
1262,0
38608,0
46981,0
38350,1
32166,1
21062,0
42898,0
40292,1
13982,1
45176,1
25896,0
2844,1
8623,0
45018,1
23522,0
13162,1
28142,0
8334,0
43371,1
111,1
42900,0
28067,0
25519,0
11653,0
4580,0
42745,0
18804,1
10677,0
40561,0
4887,0
21860,1
13623,0
18481,1
13199,1
39886,0
20219,0
24501,0
26074,1
34658,1
34822,1
32597,1
44386,0
27533,0
44954,1
19431,0
1445,1
4125,0
19089,0
17092,1
9291,0
8980,1
46960,0
15924,0
39006,0
32572,1
18617,0
10233,0
16404,1
15937,0
6525,0
45617,1
17409,1
43261,1
20645,1
34646,0
44979,0
33440,0
11516,0
18119,1
34500,1
31954,0
5500,1
10190,1
37023,0
34845,1
8358,0
42658,0
157,0
7318,0
851,0
43315,0
7484,0
38101,0
37647,0
16365,0
37020,1
34479,0
26126,0
24503,0
14974,0
26978,0
21529,1
5577,1
35769,0
13918,0
33281,1
16462,1
29221,0
2427,0
30283,1
43101,1
13848,1
28353,0
45595,0
18329,0
45457,0
27108,0
33030,1
9365,0
4719,0
2526,0
18766,0
14366,1
8741,1
46200,1
15764,0
4998,0
41466,0
42622,0
31522,0
16761,1
44852,0
47682,0
38078,1
13549,1
41062,1
17127,0
684,0
44260,1
38944,0
23268,0
30874,0
9797,1
19329,0
35270,1
12348,1
10800,0
801,0
9923,0
29135,0
31368,1
32393,0
26389,0
6242,0
9761,1
6852,1
26996,1
17721,1
32558,1
19853,0
27697,0
46061,0
763,1
18377,1
2055,0
29389,0
28173,1
1194,0
10021,0
12095,0
15449,0
13086,0
8943,0
28990,1
25606,1
47386,0
3754,1
12506,0
31862,0
14803,0
17611,0
38932,0
38760,0
6407,0
5226,1
19764,0
32138,1
12570,0
12118,0
18595,1
39956,0
16820,0
4120,0
45306,0
47524,1
41930,0
17732,1
36925,0
12950,0
17815,1
20509,0
12770,1
15130,1
14430,0
1936,1
12347,1
10147,1
4275,1
24770,1
18495,1
43258,0
44330,0
30580,0
46062,0
385,0
13498,1
22167,0
9622,0
28473,0
6125,1
23708,1
28198,0
34836,0
518,0
13825,0
9927,0
21594,0
13028,0
43110,0
42917,0
24428,0
18327,0
10325,1
36552,0
22161,0
45151,1
36023,0
39027,0
23628,1
14634,0
714,0
36569,0
5230,0
2493,0
12436,0
2347,0
7021,1
33581,0
27811,1
22376,0
24583,0
45345,0
6625,1
21301,1
43416,0
47393,0
2604,0
32054,1
30510,0
46864,0
47134,1
18163,0
13019,0
5088,1
38146,0
13606,0
13793,0
44800,1
8639,0
21354,1
41853,1
815,0
22244,0
12430,0
32164,0
587,0
36983,0
30053,0
44108,0
40647,1
38344,1
44558,0
4282,1
2608,0
3584,0
38287,0
8568,0
28777,0
22186,0
1007,1
9564,1
29400,0
29063,1
44541,0
33422,0
47943,1
41079,1
1436,0
22230,1
25038,1
10362,1
22419,1
33452,0
34456,0
46664,1
17795,0
26838,1
46393,0
21121,0
47139,0
34135,1
2795,0
29794,0
3198,1
43237,0
1790,0
47528,1
7332,1
26691,1
45621,1
2788,0
12903,1
30181,0
31218,1
35133,0
25940,0
242,1
15572,0
31702,1
34876,0
32012,1
8586,0
18709,1
5736,1
22152,1
31045,0
2786,1
12104,0
10223,0
38148,0
1344,0
45751,0
28282,0
33990,0
16354,0
26496,0
15560,1
32827,0
21317,0
16230,0
43690,1
46452,0
40642,0
31438,0
43873,0
28979,1
19554,0
41193,0
8917,1
5817,1
43879,1
43336,0
20122,0
30920,0
41958,1
46696,1
40656,1
42870,0
16580,1
38061,1
20379,0
19732,0
6972,0
38015,1
26327,1
42803,0
45928,0
41120,1
40111,0
5631,1
47518,0
30725,0
17474,0
29426,1
27282,1
34879,0
14429,0
21581,0
44851,0
43404,1
20334,0
7587,0
8214,0
18828,1
35674,0
44599,1
26813,0
25961,1
44308,1
37722,0
26268,1
36245,0
30564,1
25630,0
26322,0
36694,0
24539,0
45479,0
38532,0
19598,1
27810,1
47794,1
12019,0
12807,1
3293,1
988,0
35302,0
26088,0
24102,1
7629,1
40875,1
8185,1
36016,1
45310,0
46251,0
17499,0
15853,0
24015,1
33571,1
31657,0
10407,0
14954,0
11122,0
44440,0
20141,0
3005,0
14205,0
45320,1
27543,0
11433,0
44071,1
10410,0
1058,1
33693,1
31818,0
18190,1
6536,1
493,0
11713,0
46148,1
33607,1
29298,0
5351,1
19974,0
4617,0
35888,0
39746,0
1287,0
41733,1
15145,1
44755,1
8338,0
9534,1
38966,1
8287,0
25265,0
32139,1
24318,1
17918,0
37160,1
14856,1
13010,1
4446,0
25564,0
21697,0
28709,0
30562,0
25458,1
39664,0
18525,0
6208,1
9424,0
29792,0
31675,0
2261,1
43035,0
1244,0
25367,0
1760,1
35103,1
26523,0
10971,0
2380,0
25839,0
39750,0
42590,0
11696,0
26247,1
46330,1
4576,0
45293,0
20875,0
46492,0
21501,1
37781,0
12489,0
2959,0
8737,1
500,0
20730,0
18587,0
30927,0
46912,1
26529,0
15064,0
28389,0
47483,0
43842,0
21085,0
36818,1
20865,1
10962,1
3456,0
26403,0
3968,1
35911,0
13100,1
1520,1
21575,1
44101,1
7475,0
35057,1
23409,0
6184,0
2492,0
14605,0
18484,1
17887,0
16309,1
14707,1
17227,1
5361,0
23170,0
13111,1
21425,1
7869,0
42164,0
2749,0
110,0
19773,1
17909,0
6949,1
14734,0
23220,0
22347,0
46184,1
3188,0
47565,0
7242,0
24864,0
8148,0
39999,1
7750,0
24946,0
13242,0
4428,1
36943,1
3091,1
19857,0
4724,0
2669,0
14054,1
27877,1
14573,1
27678,1
8337,0
31195,0
34617,1
14324,0
7107,0
32060,1
42039,0
28026,0
15798,0
10158,0
27762,0
46947,0
13775,1
44070,1
23941,0
27034,1
16196,0
46841,0
15568,0
40853,0
46656,0
41729,1
34738,1
30003,0
17932,0
37453,0
7489,1
25079,1
16307,1
6887,1
592,0
649,1
37072,0
18600,0
32766,1
18524,0
2237,1
9316,0
10007,1
34707,1
38666,0
41264,1
3493,0
5715,0
46151,0
45639,0
42520,0
11666,0
23864,0
8483,0
36451,0
12595,1
37093,1
43989,0
27835,0
15677,1
11511,1
31725,0
14592,0
47759,0
45519,0
15518,0
18939,1
15215,0
13602,0
41526,0
11727,0
818,0
20870,0
22699,1
18866,1
23390,0
31785,0
23296,1
963,0
29393,1
459,1
38310,0
24229,1
9756,0
27564,1
36785,0
9368,0
23377,1
25624,1
6888,0
8119,1
8875,0
21213,1
17684,0
19798,0
5171,0
20069,0
2785,0
15531,0
46212,0
31242,0
36080,1
19668,1
16972,0
4529,0
40140,0
9807,0
36537,1
12737,1
31653,0
4206,0
36729,1
31069,0
32979,0
7211,1
28313,1
44931,0
11604,1
46146,1
12628,0
18135,0
14180,1
20892,1
560,0
20356,0
19777,1
11402,0
14466,0
413,1
4769,0
24585,0
22693,0
24582,0
41704,0
16272,1
31244,1
30136,0
28795,0
9154,0
30878,0
42997,0
31723,1
10008,0
3635,0
11581,0
6726,0
3463,0
24005,0
24502,0
19803,0
7774,0
34340,0
41702,0
8978,0
23267,0
42351,0
38718,1
29609,1
21060,0
41709,1
31695,0
259,0
43797,0
22581,1
12596,0
35980,0
6149,1
27753,1
28938,0
4996,0
39601,1
14240,1
36276,0
32417,1
2870,0
5392,0
20917,1
32029,0
32493,0
31340,1
21882,1
31647,0
29570,0
28027,1
11251,0
13091,0
738,0
28345,0
32853,0
26368,1
18110,0
44052,0
37686,0
35176,1
22002,0
17120,1
44230,0
40724,0
17977,0
37621,1
30330,0
28923,0
2325,1
18923,1
1415,0
27423,0
34040,0
6838,0
23706,1
1446,1
19695,1
8131,0
24246,0
41125,1
711,0
47497,1
10184,1
10896,1
13640,1
31600,0
13985,1
21657,1
13835,1
36149,1
4686,1
43625,1
19079,0
41581,0
14757,1
20902,1
42460,0
12587,0
17021,0
24661,0
15685,0
46068,0
16105,0
39810,0
40809,0
8544,0
21830,0
13567,0
46903,1
9523,1
31143,0
42832,1
19911,0
16413,1
12877,0
25041,1
23085,0
40263,0
13616,1
35476,0
10306,0
20405,0
2957,1
13128,1
46181,0
9132,0
10246,1
8582,0
23655,0
4034,0
19573,0
30736,1
31378,0
9108,1
22583,0
18729,1
21682,0
7996,1
43540,1
31183,0
1791,1
1148,1
6287,0
17393,1
45726,1
8140,0
36074,0
36319,1
30656,0
29999,0
7828,1
38198,0
20133,0
30250,0
7468,0
42754,1
6006,0
21145,1
20709,0
33480,0
978,0
4041,0
15419,0
23763,0
25750,0
8143,0
38355,0
20201,1
46096,0
11909,1
20614,0
6942,1
2472,1
22804,0
18017,0
225,0
30796,1
34007,0
6843,1
18878,1
30929,0
45240,1
38845,0
29918,1
47309,1
16084,0
42094,0
8188,1
15151,1
41350,0
27446,0
30167,0
27017,0
14141,0
47403,1
39577,0
26158,0
1275,1
8471,1
18452,1
46979,0
20189,0
33249,1
31493,0
36544,0
28479,0
35128,0
42931,0
40630,0
47814,0
26422,0
33390,0
43491,1
12743,0
32391,0
4100,0
20742,1
34133,0
25242,1
46763,1
40346,1
32993,0
16345,0
39541,0
30052,0
6850,1
20660,0
32997,1
16121,1
21047,1
4277,0
23130,1
47589,0
17751,0
18888,1
30806,0
28782,0
20839,0
12781,1
2572,0
4588,1
10380,0
41676,0
35870,1
3441,0
21566,1
7105,1
35123,1
16343,0
28243,1
47675,1
47769,0
20123,0
30394,0
39398,1
27660,1
27321,0
13236,1
23492,0
32160,0
19133,1
11327,1
42078,0
25822,1
36084,1
39403,1
31550,0
31823,1
43809,0
17011,0
12300,1
29296,1
43822,0
9351,0
3858,0
15567,0
6384,1
46444,0
38149,0
14535,0
47468,0
43591,1
35613,1
13449,0
2842,1
34038,1
22650,0
34844,0
27406,0
21174,1
45738,1
32805,1
36601,0
38337,1
15601,1
40229,0
10856,0
5697,0
16697,0
16418,1
35903,1
31226,1
22606,0
14526,1
39572,0
4088,1
17677,1
18170,0
39286,0
18054,1
34954,0
47939,1
32668,0
3478,0
10538,0
18578,1
19997,0
27726,0
39512,0
26455,0
46065,1
33995,0
16859,1
32494,1
29772,1
15645,0
46234,0
19469,0
6831,1
36972,1
19282,1
17483,1
1513,1
22726,1
34108,0
47604,1
28583,1
41809,1
39491,0
7461,1
31138,0
12161,0
13113,0
1603,1
13361,1
39520,0
17877,0
38129,0
9060,1
9647,1
14250,1
17236,1
35374,1
22262,0
29118,0
2453,0
46586,0
5126,0
43891,0
13446,0
11683,1
11141,0
44620,1
28399,0
16660,1
28674,1
14412,0
23677,0
31346,1
25221,0
10391,1
15776,0
42034,1
3530,1
18952,1
39346,1
14659,0
4135,0
32243,1
16539,1
10214,0
14796,1
9061,0
28014,0
38632,0
28532,0
18376,0
5992,0
16887,0
20881,0
17488,0
31828,1
42454,1
21859,1
25596,0
21071,0
31254,1
5586,1
38164,0
20160,1
8115,0
23320,1
14825,0
16742,1
2137,0
10257,0
46929,0
36879,1
40562,0
40909,0
30824,1
46033,1
17298,0
2207,0
43171,0
32753,0
25513,0
14553,0
23457,0
41415,0
18422,0
40221,1
42106,1
4511,0
14260,0
2192,0
40058,1
14552,1
19710,0
1389,0
32211,1
12698,0
45558,0
37383,0
33491,0
29600,0
36771,1
5894,1
4732,0
20788,0
11376,0
18264,1
9546,1
12982,1
7584,0
15493,0
20868,0
38253,0
40663,0
15527,0
3995,0
27437,1
15945,1
38025,1
12486,1
41214,1
30241,0
21083,1
35598,0
40605,0
6279,1
46204,0
20778,1
26948,0
35943,1
36515,0
16062,1
25435,0
46849,1
5640,0
40995,0
35171,0
41673,1
25517,0
4280,1
17659,1
13403,0
28328,0
8987,1
24240,0
35072,0
7074,1
42995,0
45422,1
35285,0
22118,0
14341,0
51,0
44739,0
17833,1
8750,0
45594,1
18094,0
20299,0
29475,0
564,1
34712,1
17171,0
37620,0
24194,0
10267,1
4515,0
15209,0
42411,1
40073,0
33587,1
36763,1
43374,0
37575,0
36740,0
3991,0
8660,1
21399,1
34328,0
31731,1
20442,1
25240,0
30138,1
2394,0
21088,0
9878,1
7071,1
16805,1
625,0
44124,1
15826,0
32860,0
35110,0
33680,0
3999,0
16811,1
23826,0
20105,1
11851,0
22972,1
174,1
19505,0
29893,0
37350,1
34164,1
46001,0
14359,1
21212,0
353,0
36005,0
27576,0
33756,0
38114,0
21717,0
40156,1
39046,0
15891,0
12195,0
47070,0
25264,0
35792,0
41390,0
24137,0
5270,0
40741,0
6121,1
23213,0
11486,1
36408,0
43672,1
36732,1
40291,1
47370,1
30735,1
18934,0
7862,0
44619,0
32023,0
38209,0
250,1
3167,1
43506,0
39380,0
10559,0
23002,1
38175,1
14002,0
34803,1
16038,0
42490,0
43530,0
17667,0
9255,1
15424,0
1156,1
11029,1
5677,0
39545,0
39393,0
44801,1
47697,1
16469,0
31707,0
38084,1
30229,0
43847,0
35301,1
4300,0
44390,0
40834,0
19085,1
4109,0
42067,0
27178,0
30997,0
37924,0
23302,0
15999,0
16379,0
23816,1
17613,0
46953,0
20127,1
38335,0
46333,1
34070,0
133,1
43984,0
12420,0
8668,0
5556,0
14332,1
44002,0
19969,0
23979,1
45599,0
14686,0
30910,1
2951,0
8179,0
19680,0
9582,1
44838,0
15882,0
17050,1
16604,1
45790,0
37279,1
39670,1
46058,1
35362,0
38691,0
32079,1
46908,1
8881,0
37323,0
30381,0
32926,1
13539,1
5591,0
5991,0
11714,0
39831,1
35945,1
23895,1
4639,1
12619,0
47496,1
46219,0
25592,0
26259,0
8772,1
34260,0
24742,0
39272,0
19925,1
33351,1
30533,1
34287,0
37077,0
7224,0
43295,1
36377,1
35181,0
10459,1
4009,0
34429,0
42986,0
45821,0
45783,0
21305,0
16618,0
13991,1
34923,0
10215,0
26232,0
43022,1
5,1
17736,1
3724,1
44329,1
28071,0
29634,0
23378,1
22052,1
36542,0
22501,0
32838,0
6340,0
36382,0
5835,0
8450,0
5681,0
26984,0
19225,1
12388,0
29043,0
42736,0
36399,1
4219,0
38574,1
2335,0
18798,0
30882,0
5350,0
2226,0
33579,0
3662,0
4847,1
34990,0
16843,1
25955,0
10382,1
44367,1
44928,0
41314,0
1978,0
15951,0
47428,0
39849,0
25870,0
18134,0
2812,1
33617,0
14232,1
6351,0
7535,0
23536,0
45534,0
2330,1
11028,1
37876,1
1807,1
18454,1
2775,1
44803,1
8176,0
24000,0
41119,0
8562,1
12720,0
30153,0
5158,1
21633,0
23843,0
23343,1
33723,1
3326,0
31310,0
23019,1
43529,1
1211,0
45747,1
3359,1
4706,1
36937,1
11649,0
39686,0
18345,0
596,0
443,1
186,0
23502,0
22544,1
26498,1
13754,0
6719,0
30829,0
34367,1
37436,1
10868,1
18656,0
3227,1
1515,1
23214,1
40578,1
9703,1
1433,0
30704,0
24877,1
23529,1
14539,1
42945,1
24486,0
29746,0
42,1
7197,0
21155,0
42830,1
14217,1
27787,1
34101,1
40633,0
29503,0
22714,0
29691,1
2054,0
3782,0
19833,0
45966,1
28825,1
23845,1
7978,1
1220,1
43331,0
27410,0
44486,1
39125,0
22339,0
2376,0
7073,1
15392,0
15694,0
39881,1
31756,0
36772,1
2782,0
8797,0
22346,1
22130,1
23049,0
12934,0
46580,1
35850,1
43155,1
28856,0
23614,1
22311,0
21370,0
6341,1
35145,0
7738,0
14033,0
9782,1
28310,1
32872,1
25245,0
38222,1
7619,0
12209,0
41842,1
5614,1
9816,0
1252,0
46467,1
47481,1
9804,0
16434,1
143,0
30573,1
5060,1
31995,1
34834,1
44468,0
8956,1
32600,1
14836,0
28358,0
1806,0
16424,0
41005,0
42855,1
31495,1
25528,1
2189,0
263,1
38860,1
16586,0
32389,0
37835,0
17781,1
20149,0
14845,0
6884,1
28759,1
45204,0
30196,0
12682,0
45164,0
14132,0
27584,0
19212,0
12927,0
43018,0
5018,0
46421,1
3128,1
33028,0
10695,0
36958,0
44975,0
40548,0
47076,0
10535,1
36780,0
14267,0
44452,0
41042,0
37925,1
45925,0
46795,0
43061,1
12210,1
44927,0
10557,1
17839,0
2941,1
15162,0
15305,0
43183,1
32268,1
20583,0
41784,1
8833,1
47009,0
23733,1
22696,1
21381,1
24245,1
41153,1
31399,0
10064,0
28472,0
16071,1
14996,1
31788,1
35069,0
45757,0
20312,0
39907,0
15922,0
38382,0
21726,0
32072,0
16348,0
23991,0
10299,0
9400,0
33596,0
44204,1
39467,1
27525,1
39297,0
23108,0
32873,1
13528,1
46004,0
42721,1
23078,1
3300,0
46162,1
36468,1
34728,1
19794,1
20567,0
42095,0
3884,1
18602,1
24098,0
43806,0
7444,0
37255,0
7013,0
26609,0
45464,1
42984,1
42972,1
26622,0
32803,0
44886,1
39796,0
26413,0
21188,1
39882,0
25901,0
5594,0
32176,0
5020,0
27408,0
41962,1
5530,1
15691,1
42150,1
16165,1
39481,0
35577,1
29295,1
15722,1
40670,1
37355,0
38957,0
35669,1
5488,1
23647,0
40852,0
22235,0
36339,0
35542,1
18466,0
35061,0
26859,0
40315,1
9641,0
12390,0
28650,1
6740,1
15787,1
40482,1
5030,0
23940,0
47430,0
9432,0
32429,0
30912,1
24289,0
27889,0
11689,1
28253,0
38202,0
35782,0
442,0
38855,0
6620,0
29316,1
34478,1
39308,0
16928,0
13986,0
17671,1
18516,0
18157,1
1216,1
17503,0
47745,0
41269,1
28805,1
27754,1
15994,1
29840,1
41419,1
5890,0
18616,0
14822,1
7038,0
4738,0
24162,0
26366,1
4476,0
3767,0
36979,0
7213,1
23029,1
34715,0
32433,1
36469,0
11382,1
6847,0
32253,0
41190,1
39889,1
2919,1
32645,0
38256,0
10010,1
41896,0
10728,0
14578,1
8501,0
37016,1
9328,0
33233,1
2719,1
31398,1
47619,1
34059,1
43448,0
43718,1
46776,0
33985,1
27202,1
30050,0
36166,1
23166,0
8889,0
33360,1
33062,0
13519,0
19099,0
32715,1
31830,1
7775,1
7987,0
37017,1
19227,1
3919,0
25297,0
40238,0
8108,0
31802,1
37757,0
29206,0
11723,1
20412,0
15082,1
4398,0
31434,1
24705,1
5125,0
14386,0
32232,1
31071,1
39168,0
8305,0
5045,1
23681,1
34829,0
27144,1
8051,1
46807,0
18896,0
21642,0
33553,0
2324,1
23018,1
24371,0
43748,0
27687,1
14247,1
44946,0
33806,1
11409,1
11693,1
44487,1
39349,1
1034,0
14908,0
39468,0
23069,0
31249,1
45341,1
243,0
33762,0
45857,1
21877,0
8293,0
18678,1
14431,1
13202,1
28655,0
14171,0
27163,0
15335,1
18560,1
16037,0
37174,1
455,1
1509,1
17055,1
27610,1
35257,1
27569,0
46727,0
24076,1
16794,0
1021,1
14948,1
43193,0
24170,1
7943,0
18286,1
21402,0
18088,0
16093,1
1258,1
8929,1
18606,0
33026,0
18478,0
14453,0
27161,1
31742,1
41909,0
3070,0
30548,0
6336,1
31234,0
42592,0
19126,1
11220,0
12160,0
20241,1
22591,1
22530,0
37157,0
28984,0
13472,0
26752,1
39190,0
1612,1
16948,1
7552,0
9085,1
33267,1
30367,0
38523,0
23534,0
23337,0
38648,0
35595,1
7000,1
32757,1
29628,0
8824,0
20573,0
42766,0
43211,0
2229,0
14021,0
22295,1
12215,1
5435,0
15328,0
28681,0
14824,0
38868,1
16096,0
40628,0
20650,0
28297,0
8731,0
30797,0
29015,0
8475,0
39111,1
47420,1
27366,0
8134,0
11231,0
31473,1
31277,0
12771,0
504,0
12477,1
47402,0
47123,0
31223,1
27336,0
13317,1
6290,0
5451,0
17375,0
35024,0
33161,0
14408,0
1792,0
5100,1
15748,1
42108,0
11288,0
18220,1
3410,1
14989,0
37258,1
70,0
28293,1
14497,0
7263,1
44551,0
40868,0
8158,0
19538,0
15045,0
31734,0
46874,0
33055,0
5876,1
20337,0
30151,1
12070,1
35282,0
28834,0
47115,1
24396,0
8515,0
15523,0
20033,1
61,0
6420,1
30973,1
17497,1
406,0
45368,0
9639,1
17249,0
40662,1
41536,0
24155,1
1442,1
46188,1
14057,0
24249,0
16217,1
34183,1
44073,0
16662,1
4075,1
46155,0
24744,1
25547,0
27658,0
25976,1
10986,1
3726,1
27549,0
4864,0
3387,1
6828,0
8241,0
2757,0
3558,0
42763,0
6410,0
32062,1
22870,0
32129,0
14441,0
11401,1
25495,0
24073,1
6591,0
20923,1
23703,1
39161,0
9186,1
39791,0
35971,0
24604,0
32004,0
38165,1
7749,0
4735,0
10458,0
27340,0
35045,0
31548,1
15196,0
30508,0
30741,0
47721,0
8155,0
21112,1
19498,0
25493,0
165,0
29510,1
20174,0
9795,0
13258,0
46329,1
41670,1
34281,0
26928,1
10809,0
24176,0
41065,1
5676,0
39648,0
35343,0
8438,0
44189,0
16482,1
39007,0
8449,0
19831,0
3956,1
14222,0
46205,1
1959,1
33277,0
7856,1
19216,0
43608,0
32570,0
18851,0
19330,1
22605,1
40343,1
46657,1
22844,1
35768,1
21108,1
42321,0
13943,1
5999,0
15980,0
21745,0
41671,1
44711,1
30200,0
39677,0
17749,0
1497,1
15600,0
7648,1
21170,0
9258,0
25881,1
32116,0
31272,1
18883,1
19956,0
17142,1
8376,0
23164,1
26768,0
21758,0
37981,0
5932,0
8858,1
22750,1
43556,0
33243,1
13633,0
47960,1
9116,0
34543,1
24488,0
2321,1
35569,0
25130,1
17563,1
10545,1
37217,0
47238,0
33209,1
24007,1
22689,0
7214,1
6731,1
13221,0
39159,1
16248,1
15061,1
17572,0
5969,0
37791,0
28192,0
35403,0
15276,0
32549,0
17453,0
46305,1
22466,1
39530,0
7611,0
17664,1
14773,1
32607,0
39902,0
6869,1
32089,0
14331,0
18506,1
33076,0
38365,0
1050,0
44322,0
40614,0
16997,0
4938,1
17830,0
11348,0
20869,1
13977,1
29263,1
31177,0
38346,1
4685,1
13634,1
7961,1
17841,1
15809,1
19971,1
18127,0
38748,1
19913,0
45766,1
11201,1
31997,1
37548,1
20603,1
6604,0
9914,1
10870,1
18530,1
2899,0
14742,0
43223,0
5567,0
9515,0
22710,0
35007,0
23131,1
45508,0
17097,0
34705,1
46936,0
29195,0
24870,0
9383,0
45035,1
33844,0
44813,0
46215,1
45192,1
46076,0
29,1
44726,0
44385,0
10697,0
22216,0
32709,0
20574,1
23355,0
6362,1
47523,0
35809,0
16200,0
21366,0
22765,0
39871,1
28066,1
43449,1
32660,1
47913,0
40840,1
41168,0
3352,0
45920,1
40841,0
10747,0
39000,0
7830,1
24048,1
2866,0
15858,1
6056,0
16572,0
26469,0
28611,0
9508,1
5170,0
10304,1
18899,1
28741,0
37673,0
31137,1
38797,1
26581,1
22099,0
12939,1
9646,0
3066,0
43997,0
30235,1
4733,0
6603,1
20262,0
7401,1
20168,1
6541,1
9453,1
26023,1
5756,1
35441,1
20970,0
5281,0
28436,0
34001,1
3488,1
11580,1
16933,1
21324,0
7441,1
41312,1
26239,0
23147,0
46423,0
6748,0
19826,0
34811,1
21724,1
9486,1
43735,0
38380,0
43754,0
47569,1
46041,1
5331,0
40783,0
40264,0
7913,0
26411,1
23117,1
12762,1
14051,0
6114,1
25121,1
21694,0
6180,1
7976,1
47628,1
26704,1
19497,1
2101,1
26415,1
10321,0
21230,0
45467,0
42567,0
17361,0
43618,1
5824,1
37138,1
19690,1
29452,1
15885,1
10798,1
27619,1
2768,0
5931,1
10574,0
15219,0
1062,0
32207,1
27021,0
26540,0
34551,0
10967,0
37848,0
37429,1
37963,0
12532,0
16483,1
6389,0
14306,1
22644,1
41000,0
3090,0
16945,1
12929,1
19231,0
34558,1
5430,1
18399,1
14620,1
39461,1
46302,0
40467,1
38976,1
23007,0
36146,0
24117,0
18552,0
47075,0
8378,0
1413,1
31947,0
31309,0
11109,0
29154,0
31590,0
34958,0
8872,1
30652,0
39604,1
36891,0
4098,0
8739,0
22412,1
209,0
4399,0
46440,1
8489,0
46832,1
28185,1
25494,0
7925,0
41462,0
31568,0
39712,0
45259,1
11441,1
46191,0
7238,0
715,0
21423,0
251,1
44336,1
36285,1
18695,1
38263,0
16764,0
38570,1
13862,1
39289,1
31010,0
10889,0
22947,1
24286,1
12578,1
20749,0
6192,1
41116,1
45568,1
38172,0
5447,0
30552,1
23076,0
14942,1
18536,1
33673,1
22515,1
30624,0
23915,0
7658,0
17075,0
31739,0
33216,0
2104,1
16954,1
13455,1
1759,0
10243,1
18827,1
3006,0
8749,0
14084,0
19468,0
35313,1
13638,0
38889,0
6094,0
37431,1
4441,1
23577,0
33968,1
36767,1
971,0
33251,0
22270,0
4772,1
3026,1
15266,0
22232,0
20607,1
8723,0
434,0
18702,1
42282,1
26226,1
21273,0
45180,1
44378,0
4749,0
18887,1
37770,0
19182,1
25764,1
5870,0
44583,0
18375,0
7262,0
13894,0
8857,1
34493,0
46341,0
28101,1
14018,0
45715,1
2433,1
31127,0
8272,0
4482,0
29057,1
15607,0
21296,0
30245,0
17274,0
866,0
12537,0
4763,1
44741,1
8692,1
6132,1
34372,0
47845,0
38305,0
24191,1
8642,1
37337,0
2549,1
32687,0
7846,0
18767,0
11213,0
44805,0
5569,0
21116,1
30208,0
8998,1
9082,0
32278,1
17265,1
22260,1
21034,1
37208,0
37694,0
46180,0
1024,0
13958,0
30835,1
30530,1
5599,0
17280,0
30300,0
260,0
28119,0
24123,1
1048,0
44355,0
37974,0
9389,0
27116,1
6493,0
30104,1
3913,1
10810,0
42683,1
40383,1
26294,0
37293,0
1748,0
23393,0
3547,0
13936,0
9655,0
40503,1
9522,0
26847,1
10975,0
5110,0
12730,1
26909,1
5325,0
14533,0
8496,0
12137,0
45054,1
3904,0
23399,0
37112,0
35893,0
5245,1
15494,1
5522,0
35647,0
1390,0
4882,1
27033,1
38697,0
15114,0
13587,0
33231,0
18614,0
37566,0
6744,0
